,year,month,day,hour,hourSin,hourCos,upper,lower,PVout,radiation flux,temperature,total precipitation,u-component of wind,v-component of wind,pressure,relative humidity
0,2023,6,28,16.5,-0.9238795325112868,-0.3826834323650895,0.0038883686,0.6578193,0.33085382,103.28265488147736,29.714013671875023,0.0,0.7635259628295898,2.98970890045166,1005.2183532714844,69.28138637542725
1,2023,6,28,17.0,-0.9659258262890683,-0.25881904510252063,0.0,0.694329,0.3471645,65.97739338874817,28.961785888671898,0.0,0.9689016342163086,2.960698127746582,1005.1890258789062,72.53435897827148
2,2023,6,28,17.5,-0.9914448613738104,-0.13052619222005163,0.0,0.691756,0.345878,39.08244669437408,28.261102294921898,0.0,0.6179065704345703,3.059945106506348,1005.2507934570312,75.49728965759277
3,2023,6,28,18.0,-1.0,-1.8369701987210297e-16,0.0,0.7014854,0.3507427,12.1875,27.560418701171898,0.0,0.266911506652832,3.1591920852661133,1005.3125610351562,78.46022033691406
4,2023,6,28,18.5,-0.9914448613738105,0.13052619222005127,0.0,0.7035072,0.3517536,6.09375,27.108972167968773,0.0,0.0117340087890625,3.2884721755981445,1005.211669921875,80.1164608001709
5,2023,6,28,19.0,-0.9659258262890684,0.2588190451025203,0.0,0.7024307,0.35121536,0.0,26.657525634765648,0.0,-0.243443489074707,3.417752265930176,1005.1107788085938,81.77270126342773
6,2023,6,28,19.5,-0.923879532511287,0.38268343236508917,0.0,0.68756676,0.34378338,0.0,26.382928466796898,0.0,-0.0541563034057617,3.3585081100463867,1004.8397827148438,82.29383850097656
7,2023,6,28,20.0,-0.8660254037844386,0.5000000000000001,0.0,0.0,0.0,0.0,26.108331298828148,0.0,0.1351308822631836,3.2992639541625977,1004.5687866210938,82.81497573852539
8,2023,6,28,20.5,-0.7933533402912357,0.6087614290087199,0.0,0.0,0.0,0.0,25.91120300292971,0.0,0.4291577339172363,3.0184202194213867,1004.5318908691406,83.30290794372559
9,2023,6,28,21.0,-0.7071067811865477,0.7071067811865474,0.0,0.0,0.0,0.0,25.714074707031276,0.0,0.7231845855712891,2.737576484680176,1004.4949951171876,83.79084014892578
10,2023,6,28,21.5,-0.608761429008721,0.7933533402912349,0.0,0.0,0.0,0.0,25.51947937011721,0.0,0.9696869850158693,3.0209336280822754,1004.3352966308594,84.45046806335449
11,2023,6,28,22.0,-0.5000000000000004,0.8660254037844384,0.0,0.0,0.0,0.0,25.324884033203148,0.0,1.2161893844604492,3.304290771484375,1004.1755981445312,85.1100959777832
12,2023,6,28,22.5,-0.38268343236508956,0.9238795325112868,0.0,0.0,0.0,0.0,25.148522949218773,0.0,1.3852834701538086,2.962653160095215,1004.149383544922,85.65644264221191
13,2023,6,28,23.0,-0.25881904510252157,0.9659258262890681,0.0,0.0,0.0,0.0,24.9721618652344,0.0,1.554377555847168,2.6210155487060547,1004.1231689453124,86.20278930664062
14,2023,6,28,23.5,-0.13052619222005168,0.9914448613738104,0.0,0.0,0.0,0.0,24.83765563964846,0.0,1.6201043128967283,2.289867877960205,1004.104736328125,86.76399612426758
15,2023,6,29,0.0,0.0,1.0,0.0,0.0,0.0,0.0,24.703149414062523,0.0,1.685831069946289,1.9587202072143557,1004.0863037109376,87.32520294189453
16,2023,6,29,0.5,0.13052619222005157,0.9914448613738104,0.0,0.0,0.0,0.0,24.589944458007835,0.015625,1.4231886863708496,1.309858798980713,1003.932647705078,87.85425186157227
17,2023,6,29,1.0,0.25881904510252074,0.9659258262890683,0.0,0.0,0.0,0.0,24.476739501953148,0.03125,1.1605463027954102,0.6609973907470703,1003.7789916992188,88.38330078125
18,2023,6,29,1.5,0.3826834323650898,0.9238795325112867,0.0,0.0,0.0,0.0,24.304406738281276,0.015625,0.6826901435852051,0.4340648651123047,1003.7059631347656,90.8864974975586
19,2023,6,29,2.0,0.49999999999999994,0.8660254037844387,0.0,0.0,0.0,0.0,24.1320739746094,0.0,0.204833984375,0.207132339477539,1003.6329345703124,93.3896942138672
20,2023,6,29,2.5,0.6087614290087207,0.7933533402912352,0.0,0.0,0.0,0.0,24.043908691406276,0.0,0.2582721710205078,0.520756721496582,1003.6514892578124,92.76708984375
21,2023,6,29,3.0,0.7071067811865476,0.7071067811865476,0.0,0.0,0.0,0.0,23.955743408203148,0.0,0.3117103576660156,0.834381103515625,1003.6700439453124,92.1444854736328
22,2023,6,29,3.5,0.7933533402912352,0.6087614290087207,0.0,0.0,0.0,0.0,23.791055297851585,0.0,0.4673600196838379,0.9161419868469238,1003.756591796875,93.00594329833984
23,2023,6,29,4.0,0.8660254037844386,0.5000000000000001,0.3622434,0.0,0.1811217,0.0,23.626367187500023,0.0,0.6230096817016602,0.9979028701782228,1003.8431396484376,93.86740112304688
24,2023,6,29,4.5,0.9238795325112867,0.38268343236508984,0.36478066,0.0,0.18239033,2.921875,23.509683227539085,0.0,0.6145405769348145,1.072892189025879,1004.0340270996094,94.55914115905762
25,2023,6,29,5.0,0.9659258262890683,0.25881904510252074,0.36731768,0.0,0.18365884,5.84375,23.392999267578148,0.0,0.6060714721679688,1.1478815078735352,1004.2249145507812,95.25088119506836
26,2023,6,29,5.5,0.9914448613738104,0.1305261922200517,0.54223084,0.0,0.27111542,38.046875,23.50202331542971,0.0,0.7851834297180176,1.035390853881836,1004.383819580078,94.5630874633789
27,2023,6,29,6.0,1.0,6.123233995736766e-17,0.7252748,0.0,0.3626374,70.25,23.611047363281276,0.0,0.9642953872680664,0.9229001998901368,1004.542724609375,93.87529373168944
28,2023,6,29,6.5,0.9914448613738104,-0.1305261922200516,1.1368814,0.0,0.5684407,143.13545888662338,24.12549743652346,0.0,0.953361988067627,0.7472639083862305,1004.571319580078,91.46190452575684
29,2023,6,29,7.0,0.9659258262890683,-0.25881904510252063,1.4759152,0.0,0.7379576,216.0209177732468,24.639947509765648,0.0,0.9424285888671876,0.5716276168823242,1004.5999145507812,89.04851531982422
30,2023,6,29,7.5,0.9238795325112868,-0.3826834323650895,1.7037069,0.0,0.85185343,295.38925701379776,25.414102172851585,0.0,0.7871646881103516,0.6842789649963379,1004.5628967285156,85.14228439331055
31,2023,6,29,8.0,0.8660254037844387,-0.4999999999999998,1.8860657,0.0,0.94303286,374.7575962543488,26.188256835937523,0.0,0.6319007873535156,0.7969303131103516,1004.52587890625,81.23605346679688
32,2023,6,29,8.5,0.7933533402912352,-0.6087614290087207,1.8660544,0.0,0.9330272,458.2886644601822,27.162393188476585,0.0,0.7346019744873047,1.1287727355957031,1004.3101196289062,75.0694637298584
33,2023,6,29,9.0,0.7071067811865476,-0.7071067811865475,1.8406544,0.23841691,1.0395356,541.8197326660156,28.136529541015648,0.0,0.8373031616210938,1.460615158081055,1004.0943603515624,68.90287399291992
34,2023,6,29,9.5,0.6087614290087209,-0.793353340291235,1.8422179,0.5100615,1.1761397,601.8023910522461,28.992242431640648,0.0,0.7919902801513672,1.546839714050293,1003.793212890625,63.93593978881836
35,2023,6,29,10.0,0.49999999999999994,-0.8660254037844387,1.8156081,0.7719207,1.2937644,661.7850494384766,29.847955322265648,0.0,0.7466773986816406,1.6330642700195312,1003.4920654296876,58.9690055847168
36,2023,6,29,10.5,0.3826834323650899,-0.9238795325112867,1.7190964,1.0271566,1.3731265,720.4834890365601,30.605996704101585,0.0,0.7097430229187012,2.0679426193237305,1003.12255859375,56.36455535888672
37,2023,6,29,11.0,0.258819045102521,-0.9659258262890682,1.6267724,1.2809608,1.4538666,779.1819286346436,31.364038085937523,0.0,0.6728086471557617,2.5028209686279297,1002.7530517578124,53.76010513305664
38,2023,6,29,11.5,0.130526192220052,-0.9914448613738104,1.5985667,1.4544775,1.5265222,815.8183727264404,31.736535644531276,0.0,0.7407350540161133,2.70355224609375,1002.4725036621094,53.282352447509766
39,2023,6,29,12.0,1.2246467991473532e-16,-1.0,1.5703609,1.6279953,1.5991781,852.4548168182373,32.10903320312502,0.0,0.8086614608764648,2.9042835235595703,1002.1919555664062,52.80459976196289
40,2023,6,29,12.5,-0.13052619222005177,-0.9914448613738104,1.5148773,1.6407611,1.5778192,849.997236251831,32.27266845703127,0.0,0.7873482704162598,3.0875535011291504,1001.917999267578,52.74584102630615
41,2023,6,29,13.0,-0.2588190451025208,-0.9659258262890683,1.4608614,1.6619918,1.5614266,847.5396556854248,32.43630371093752,0.0,0.7660350799560547,3.2708234786987305,1001.64404296875,52.68708229064941
42,2023,6,29,13.5,-0.38268343236508967,-0.9238795325112868,1.4363159,1.6361892,1.5362525,830.4839220046997,32.48076782226565,0.0,0.8189644813537598,3.307372570037842,1001.5936584472656,53.03346157073975
43,2023,6,29,14.0,-0.4999999999999997,-0.8660254037844388,1.4105581,1.6123512,1.5114546,813.4281883239746,32.52523193359377,0.0,0.8718938827514648,3.343921661376953,1001.5432739257812,53.37984085083008
44,2023,6,29,14.5,-0.6087614290087207,-0.7933533402912352,1.3671418,1.4470313,1.4070866,758.70032787323,32.487832641601585,0.0,0.8760066032409668,3.3339009284973145,1001.3902893066406,53.85449981689453
45,2023,6,29,15.0,-0.7071067811865471,-0.7071067811865479,1.3213708,1.2895253,1.305448,703.9724674224854,32.4504333496094,0.0,0.8801193237304688,3.323880195617676,1001.2373046875,54.32915878295898
46,2023,6,29,15.5,-0.7933533402912349,-0.6087614290087209,1.2515073,1.0227201,1.1371137,614.3855848312378,32.0971618652344,0.0,0.877871036529541,3.222022533416748,1001.2731018066406,56.70894908905029
47,2023,6,29,16.0,-0.8660254037844385,-0.5000000000000004,1.1420258,0.7657962,0.953911,524.7987022399902,31.7438903808594,0.0,0.8756227493286133,3.1201648712158203,1001.3088989257812,59.0887393951416
0,2023,6,28,16.5,-0.9238795325112868,-0.3826834323650895,0.0,0.9018526,0.4509263,103.28265488147736,29.714013671875023,0.0,0.7635259628295898,2.98970890045166,1005.2183532714844,69.28138637542725
1,2023,6,28,17.0,-0.9659258262890683,-0.25881904510252063,0.0,0.82817125,0.41408563,65.97739338874817,28.961785888671898,0.0,0.9689016342163086,2.960698127746582,1005.1890258789062,72.53435897827148
2,2023,6,28,17.5,-0.9914448613738104,-0.13052619222005163,0.0,0.8466606,0.4233303,39.08244669437408,28.261102294921898,0.0,0.6179065704345703,3.059945106506348,1005.2507934570312,75.49728965759277
3,2023,6,28,18.0,-1.0,-1.8369701987210297e-16,0.0,0.9342654,0.4671327,12.1875,27.560418701171898,0.0,0.266911506652832,3.1591920852661133,1005.3125610351562,78.46022033691406
4,2023,6,28,18.5,-0.9914448613738105,0.13052619222005127,0.0,1.0513558,0.5256779,6.09375,27.108972167968773,0.0,0.0117340087890625,3.2884721755981445,1005.211669921875,80.1164608001709
5,2023,6,28,19.0,-0.9659258262890684,0.2588190451025203,0.0,1.1633782,0.5816891,0.0,26.657525634765648,0.0,-0.243443489074707,3.417752265930176,1005.1107788085938,81.77270126342773
6,2023,6,28,19.5,-0.923879532511287,0.38268343236508917,0.0,1.0583494,0.5291747,0.0,26.382928466796898,0.0,-0.0541563034057617,3.3585081100463867,1004.8397827148438,82.29383850097656
7,2023,6,28,20.0,-0.8660254037844386,0.5000000000000001,0.0,0.0,0.0,0.0,26.108331298828148,0.0,0.1351308822631836,3.2992639541625977,1004.5687866210938,82.81497573852539
8,2023,6,28,20.5,-0.7933533402912357,0.6087614290087199,0.0,0.0,0.0,0.0,25.91120300292971,0.0,0.4291577339172363,3.0184202194213867,1004.5318908691406,83.30290794372559
9,2023,6,28,21.0,-0.7071067811865477,0.7071067811865474,0.0,0.0,0.0,0.0,25.714074707031276,0.0,0.7231845855712891,2.737576484680176,1004.4949951171876,83.79084014892578
10,2023,6,28,21.5,-0.608761429008721,0.7933533402912349,0.0,0.0,0.0,0.0,25.51947937011721,0.0,0.9696869850158693,3.0209336280822754,1004.3352966308594,84.45046806335449
11,2023,6,28,22.0,-0.5000000000000004,0.8660254037844384,0.0,0.0,0.0,0.0,25.324884033203148,0.0,1.2161893844604492,3.304290771484375,1004.1755981445312,85.1100959777832
12,2023,6,28,22.5,-0.38268343236508956,0.9238795325112868,0.0,0.0,0.0,0.0,25.148522949218773,0.0,1.3852834701538086,2.962653160095215,1004.149383544922,85.65644264221191
13,2023,6,28,23.0,-0.25881904510252157,0.9659258262890681,0.0,0.0,0.0,0.0,24.9721618652344,0.0,1.554377555847168,2.6210155487060547,1004.1231689453124,86.20278930664062
14,2023,6,28,23.5,-0.13052619222005168,0.9914448613738104,0.0,0.0,0.0,0.0,24.83765563964846,0.0,1.6201043128967283,2.289867877960205,1004.104736328125,86.76399612426758
15,2023,6,29,0.0,0.0,1.0,0.0,0.0,0.0,0.0,24.703149414062523,0.0,1.685831069946289,1.9587202072143557,1004.0863037109376,87.32520294189453
16,2023,6,29,0.5,0.13052619222005157,0.9914448613738104,0.0,0.0,0.0,0.0,24.589944458007835,0.015625,1.4231886863708496,1.309858798980713,1003.932647705078,87.85425186157227
17,2023,6,29,1.0,0.25881904510252074,0.9659258262890683,0.0,0.0,0.0,0.0,24.476739501953148,0.03125,1.1605463027954102,0.6609973907470703,1003.7789916992188,88.38330078125
18,2023,6,29,1.5,0.3826834323650898,0.9238795325112867,0.0,0.0,0.0,0.0,24.304406738281276,0.015625,0.6826901435852051,0.4340648651123047,1003.7059631347656,90.8864974975586
19,2023,6,29,2.0,0.49999999999999994,0.8660254037844387,0.0,0.0,0.0,0.0,24.1320739746094,0.0,0.204833984375,0.207132339477539,1003.6329345703124,93.3896942138672
20,2023,6,29,2.5,0.6087614290087207,0.7933533402912352,0.0,0.0,0.0,0.0,24.043908691406276,0.0,0.2582721710205078,0.520756721496582,1003.6514892578124,92.76708984375
21,2023,6,29,3.0,0.7071067811865476,0.7071067811865476,0.0,0.0,0.0,0.0,23.955743408203148,0.0,0.3117103576660156,0.834381103515625,1003.6700439453124,92.1444854736328
22,2023,6,29,3.5,0.7933533402912352,0.6087614290087207,0.0,0.0,0.0,0.0,23.791055297851585,0.0,0.4673600196838379,0.9161419868469238,1003.756591796875,93.00594329833984
23,2023,6,29,4.0,0.8660254037844386,0.5000000000000001,0.28568482,0.0,0.14284241,0.0,23.626367187500023,0.0,0.6230096817016602,0.9979028701782228,1003.8431396484376,93.86740112304688
24,2023,6,29,4.5,0.9238795325112867,0.38268343236508984,0.30208707,0.0,0.15104353,2.921875,23.509683227539085,0.0,0.6145405769348145,1.072892189025879,1004.0340270996094,94.55914115905762
25,2023,6,29,5.0,0.9659258262890683,0.25881904510252074,0.31161618,0.0,0.15580809,5.84375,23.392999267578148,0.0,0.6060714721679688,1.1478815078735352,1004.2249145507812,95.25088119506836
26,2023,6,29,5.5,0.9914448613738104,0.1305261922200517,0.53534627,0.0,0.26767313,38.046875,23.50202331542971,0.0,0.7851834297180176,1.035390853881836,1004.383819580078,94.5630874633789
27,2023,6,29,6.0,1.0,6.123233995736766e-17,0.75137496,0.0,0.37568748,70.25,23.611047363281276,0.0,0.9642953872680664,0.9229001998901368,1004.542724609375,93.87529373168944
28,2023,6,29,6.5,0.9914448613738104,-0.1305261922200516,1.1331494,0.0,0.5665747,143.13545888662338,24.12549743652346,0.0,0.953361988067627,0.7472639083862305,1004.571319580078,91.46190452575684
29,2023,6,29,7.0,0.9659258262890683,-0.25881904510252063,1.3768786,0.0,0.6884393,216.0209177732468,24.639947509765648,0.0,0.9424285888671876,0.5716276168823242,1004.5999145507812,89.04851531982422
30,2023,6,29,7.5,0.9238795325112868,-0.3826834323650895,1.4759102,0.0,0.7379551,295.38925701379776,25.414102172851585,0.0,0.7871646881103516,0.6842789649963379,1004.5628967285156,85.14228439331055
31,2023,6,29,8.0,0.8660254037844387,-0.4999999999999998,1.5899695,0.0,0.79498476,374.7575962543488,26.188256835937523,0.0,0.6319007873535156,0.7969303131103516,1004.52587890625,81.23605346679688
32,2023,6,29,8.5,0.7933533402912352,-0.6087614290087207,1.6068436,0.0,0.8034218,458.2886644601822,27.162393188476585,0.0,0.7346019744873047,1.1287727355957031,1004.3101196289062,75.0694637298584
33,2023,6,29,9.0,0.7071067811865476,-0.7071067811865475,1.5913423,0.0590024,0.82517236,541.8197326660156,28.136529541015648,0.0,0.8373031616210938,1.460615158081055,1004.0943603515624,68.90287399291992
34,2023,6,29,9.5,0.6087614290087209,-0.793353340291235,1.5856646,0.24178648,0.91372555,601.8023910522461,28.992242431640648,0.0,0.7919902801513672,1.546839714050293,1003.793212890625,63.93593978881836
35,2023,6,29,10.0,0.49999999999999994,-0.8660254037844387,1.5821736,0.43099976,1.0065867,661.7850494384766,29.847955322265648,0.0,0.7466773986816406,1.6330642700195312,1003.4920654296876,58.9690055847168
36,2023,6,29,10.5,0.3826834323650899,-0.9238795325112867,1.5128529,0.66731715,1.090085,720.4834890365601,30.605996704101585,0.0,0.7097430229187012,2.0679426193237305,1003.12255859375,56.36455535888672
37,2023,6,29,11.0,0.258819045102521,-0.9659258262890682,1.4377973,0.9310789,1.1844381,779.1819286346436,31.364038085937523,0.0,0.6728086471557617,2.5028209686279297,1002.7530517578124,53.76010513305664
38,2023,6,29,11.5,0.130526192220052,-0.9914448613738104,1.4050303,1.0650744,1.2350523,815.8183727264404,31.736535644531276,0.0,0.7407350540161133,2.70355224609375,1002.4725036621094,53.282352447509766
39,2023,6,29,12.0,1.2246467991473532e-16,-1.0,1.3784177,1.2066684,1.292543,852.4548168182373,32.10903320312502,0.0,0.8086614608764648,2.9042835235595703,1002.1919555664062,52.80459976196289
40,2023,6,29,12.5,-0.13052619222005177,-0.9914448613738104,1.335218,1.282846,1.309032,849.997236251831,32.27266845703127,0.0,0.7873482704162598,3.0875535011291504,1001.917999267578,52.74584102630615
41,2023,6,29,13.0,-0.2588190451025208,-0.9659258262890683,1.292632,1.3640332,1.3283327,847.5396556854248,32.43630371093752,0.0,0.7660350799560547,3.2708234786987305,1001.64404296875,52.68708229064941
42,2023,6,29,13.5,-0.38268343236508967,-0.9238795325112868,1.2688208,1.3508458,1.3098333,830.4839220046997,32.48076782226565,0.0,0.8189644813537598,3.307372570037842,1001.5936584472656,53.03346157073975
43,2023,6,29,14.0,-0.4999999999999997,-0.8660254037844388,1.2313831,1.3476,1.2894915,813.4281883239746,32.52523193359377,0.0,0.8718938827514648,3.343921661376953,1001.5432739257812,53.37984085083008
44,2023,6,29,14.5,-0.6087614290087207,-0.7933533402912352,1.1582118,1.2958736,1.2270427,758.70032787323,32.487832641601585,0.0,0.8760066032409668,3.3339009284973145,1001.3902893066406,53.85449981689453
45,2023,6,29,15.0,-0.7071067811865471,-0.7071067811865479,1.0886512,1.2604299,1.1745405,703.9724674224854,32.4504333496094,0.0,0.8801193237304688,3.323880195617676,1001.2373046875,54.32915878295898
46,2023,6,29,15.5,-0.7933533402912349,-0.6087614290087209,0.99137974,1.1418028,1.0665913,614.3855848312378,32.0971618652344,0.0,0.877871036529541,3.222022533416748,1001.2731018066406,56.70894908905029
47,2023,6,29,16.0,-0.8660254037844385,-0.5000000000000004,0.8550012,1.0280416,0.9415214,524.7987022399902,31.7438903808594,0.0,0.8756227493286133,3.1201648712158203,1001.3088989257812,59.0887393951416
0,2023,6,28,16.5,-0.9238795325112868,-0.3826834323650895,0.0,0.33966684,0.16983342,103.28265488147736,29.714013671875023,0.0,0.7635259628295898,2.98970890045166,1005.2183532714844,69.28138637542725
1,2023,6,28,17.0,-0.9659258262890683,-0.25881904510252063,0.0,0.3222313,0.16111565,65.97739338874817,28.961785888671898,0.0,0.9689016342163086,2.960698127746582,1005.1890258789062,72.53435897827148
2,2023,6,28,17.5,-0.9914448613738104,-0.13052619222005163,0.0,0.37237167,0.18618584,39.08244669437408,28.261102294921898,0.0,0.6179065704345703,3.059945106506348,1005.2507934570312,75.49728965759277
3,2023,6,28,18.0,-1.0,-1.8369701987210297e-16,0.0,0.40391564,0.20195782,12.1875,27.560418701171898,0.0,0.266911506652832,3.1591920852661133,1005.3125610351562,78.46022033691406
4,2023,6,28,18.5,-0.9914448613738105,0.13052619222005127,0.0,0.44920635,0.22460318,6.09375,27.108972167968773,0.0,0.0117340087890625,3.2884721755981445,1005.211669921875,80.1164608001709
5,2023,6,28,19.0,-0.9659258262890684,0.2588190451025203,0.0,0.517375,0.2586875,0.0,26.657525634765648,0.0,-0.243443489074707,3.417752265930176,1005.1107788085938,81.77270126342773
6,2023,6,28,19.5,-0.923879532511287,0.38268343236508917,0.0,0.472373,0.2361865,0.0,26.382928466796898,0.0,-0.0541563034057617,3.3585081100463867,1004.8397827148438,82.29383850097656
7,2023,6,28,20.0,-0.8660254037844386,0.5000000000000001,0.0,0.0,0.0,0.0,26.108331298828148,0.0,0.1351308822631836,3.2992639541625977,1004.5687866210938,82.81497573852539
8,2023,6,28,20.5,-0.7933533402912357,0.6087614290087199,0.0,0.0,0.0,0.0,25.91120300292971,0.0,0.4291577339172363,3.0184202194213867,1004.5318908691406,83.30290794372559
9,2023,6,28,21.0,-0.7071067811865477,0.7071067811865474,0.0,0.0,0.0,0.0,25.714074707031276,0.0,0.7231845855712891,2.737576484680176,1004.4949951171876,83.79084014892578
10,2023,6,28,21.5,-0.608761429008721,0.7933533402912349,0.0,0.0,0.0,0.0,25.51947937011721,0.0,0.9696869850158693,3.0209336280822754,1004.3352966308594,84.45046806335449
11,2023,6,28,22.0,-0.5000000000000004,0.8660254037844384,0.0,0.0,0.0,0.0,25.324884033203148,0.0,1.2161893844604492,3.304290771484375,1004.1755981445312,85.1100959777832
12,2023,6,28,22.5,-0.38268343236508956,0.9238795325112868,0.0,0.0,0.0,0.0,25.148522949218773,0.0,1.3852834701538086,2.962653160095215,1004.149383544922,85.65644264221191
13,2023,6,28,23.0,-0.25881904510252157,0.9659258262890681,0.0,0.0,0.0,0.0,24.9721618652344,0.0,1.554377555847168,2.6210155487060547,1004.1231689453124,86.20278930664062
14,2023,6,28,23.5,-0.13052619222005168,0.9914448613738104,0.0,0.0,0.0,0.0,24.83765563964846,0.0,1.6201043128967283,2.289867877960205,1004.104736328125,86.76399612426758
15,2023,6,29,0.0,0.0,1.0,0.0,0.0,0.0,0.0,24.703149414062523,0.0,1.685831069946289,1.9587202072143557,1004.0863037109376,87.32520294189453
16,2023,6,29,0.5,0.13052619222005157,0.9914448613738104,0.0,0.0,0.0,0.0,24.589944458007835,0.015625,1.4231886863708496,1.309858798980713,1003.932647705078,87.85425186157227
17,2023,6,29,1.0,0.25881904510252074,0.9659258262890683,0.0,0.0,0.0,0.0,24.476739501953148,0.03125,1.1605463027954102,0.6609973907470703,1003.7789916992188,88.38330078125
18,2023,6,29,1.5,0.3826834323650898,0.9238795325112867,0.0,0.0,0.0,0.0,24.304406738281276,0.015625,0.6826901435852051,0.4340648651123047,1003.7059631347656,90.8864974975586
19,2023,6,29,2.0,0.49999999999999994,0.8660254037844387,0.0,0.0,0.0,0.0,24.1320739746094,0.0,0.204833984375,0.207132339477539,1003.6329345703124,93.3896942138672
20,2023,6,29,2.5,0.6087614290087207,0.7933533402912352,0.0,0.0,0.0,0.0,24.043908691406276,0.0,0.2582721710205078,0.520756721496582,1003.6514892578124,92.76708984375
21,2023,6,29,3.0,0.7071067811865476,0.7071067811865476,0.0,0.0,0.0,0.0,23.955743408203148,0.0,0.3117103576660156,0.834381103515625,1003.6700439453124,92.1444854736328
22,2023,6,29,3.5,0.7933533402912352,0.6087614290087207,0.0,0.0,0.0,0.0,23.791055297851585,0.0,0.4673600196838379,0.9161419868469238,1003.756591796875,93.00594329833984
23,2023,6,29,4.0,0.8660254037844386,0.5000000000000001,0.23229218,0.0,0.11614609,0.0,23.626367187500023,0.0,0.6230096817016602,0.9979028701782228,1003.8431396484376,93.86740112304688
24,2023,6,29,4.5,0.9238795325112867,0.38268343236508984,0.23305774,0.0,0.11652887,2.921875,23.509683227539085,0.0,0.6145405769348145,1.072892189025879,1004.0340270996094,94.55914115905762
25,2023,6,29,5.0,0.9659258262890683,0.25881904510252074,0.23612285,0.0,0.11806142,5.84375,23.392999267578148,0.0,0.6060714721679688,1.1478815078735352,1004.2249145507812,95.25088119506836
26,2023,6,29,5.5,0.9914448613738104,0.1305261922200517,0.4816575,0.0,0.24082875,38.046875,23.50202331542971,0.0,0.7851834297180176,1.035390853881836,1004.383819580078,94.5630874633789
27,2023,6,29,6.0,1.0,6.123233995736766e-17,0.7031591,0.0,0.35157955,70.25,23.611047363281276,0.0,0.9642953872680664,0.9229001998901368,1004.542724609375,93.87529373168944
28,2023,6,29,6.5,0.9914448613738104,-0.1305261922200516,1.0820446,0.0,0.5410223,143.13545888662338,24.12549743652346,0.0,0.953361988067627,0.7472639083862305,1004.571319580078,91.46190452575684
29,2023,6,29,7.0,0.9659258262890683,-0.25881904510252063,1.3910424,0.0,0.6955212,216.0209177732468,24.639947509765648,0.0,0.9424285888671876,0.5716276168823242,1004.5999145507812,89.04851531982422
30,2023,6,29,7.5,0.9238795325112868,-0.3826834323650895,1.5577615,0.0,0.7788808,295.38925701379776,25.414102172851585,0.0,0.7871646881103516,0.6842789649963379,1004.5628967285156,85.14228439331055
31,2023,6,29,8.0,0.8660254037844387,-0.4999999999999998,1.750097,0.0,0.8750485,374.7575962543488,26.188256835937523,0.0,0.6319007873535156,0.7969303131103516,1004.52587890625,81.23605346679688
32,2023,6,29,8.5,0.7933533402912352,-0.6087614290087207,1.8402362,0.18830729,1.0142717,458.2886644601822,27.162393188476585,0.0,0.7346019744873047,1.1287727355957031,1004.3101196289062,75.0694637298584
33,2023,6,29,9.0,0.7071067811865476,-0.7071067811865475,1.8531375,0.5278683,1.1905029,541.8197326660156,28.136529541015648,0.0,0.8373031616210938,1.460615158081055,1004.0943603515624,68.90287399291992
34,2023,6,29,9.5,0.6087614290087209,-0.793353340291235,1.8912972,0.72653127,1.3089142,601.8023910522461,28.992242431640648,0.0,0.7919902801513672,1.546839714050293,1003.793212890625,63.93593978881836
35,2023,6,29,10.0,0.49999999999999994,-0.8660254037844387,1.9192711,0.9279549,1.4236131,661.7850494384766,29.847955322265648,0.0,0.7466773986816406,1.6330642700195312,1003.4920654296876,58.9690055847168
36,2023,6,29,10.5,0.3826834323650899,-0.9238795325112867,1.8464202,1.1545086,1.5004644,720.4834890365601,30.605996704101585,0.0,0.7097430229187012,2.0679426193237305,1003.12255859375,56.36455535888672
37,2023,6,29,11.0,0.258819045102521,-0.9659258262890682,1.7342006,1.3898325,1.5620165,779.1819286346436,31.364038085937523,0.0,0.6728086471557617,2.5028209686279297,1002.7530517578124,53.76010513305664
38,2023,6,29,11.5,0.130526192220052,-0.9914448613738104,1.6987832,1.5537262,1.6262547,815.8183727264404,31.736535644531276,0.0,0.7407350540161133,2.70355224609375,1002.4725036621094,53.282352447509766
39,2023,6,29,12.0,1.2246467991473532e-16,-1.0,1.6650906,1.7170348,1.6910627,852.4548168182373,32.10903320312502,0.0,0.8086614608764648,2.9042835235595703,1002.1919555664062,52.80459976196289
40,2023,6,29,12.5,-0.13052619222005177,-0.9914448613738104,1.5890757,1.7300682,1.6595719,849.997236251831,32.27266845703127,0.0,0.7873482704162598,3.0875535011291504,1001.917999267578,52.74584102630615
41,2023,6,29,13.0,-0.2588190451025208,-0.9659258262890683,1.5130802,1.7430739,1.628077,847.5396556854248,32.43630371093752,0.0,0.7660350799560547,3.2708234786987305,1001.64404296875,52.68708229064941
42,2023,6,29,13.5,-0.38268343236508967,-0.9238795325112868,1.47208,1.7262812,1.5991806,830.4839220046997,32.48076782226565,0.0,0.8189644813537598,3.307372570037842,1001.5936584472656,53.03346157073975
43,2023,6,29,14.0,-0.4999999999999997,-0.8660254037844388,1.4307184,1.7069526,1.5688355,813.4281883239746,32.52523193359377,0.0,0.8718938827514648,3.343921661376953,1001.5432739257812,53.37984085083008
44,2023,6,29,14.5,-0.6087614290087207,-0.7933533402912352,1.3271642,1.5724645,1.4498143,758.70032787323,32.487832641601585,0.0,0.8760066032409668,3.3339009284973145,1001.3902893066406,53.85449981689453
45,2023,6,29,15.0,-0.7071067811865471,-0.7071067811865479,1.1936693,1.4772725,1.3354709,703.9724674224854,32.4504333496094,0.0,0.8801193237304688,3.323880195617676,1001.2373046875,54.32915878295898
46,2023,6,29,15.5,-0.7933533402912349,-0.6087614290087209,1.0135942,1.2372332,1.1254137,614.3855848312378,32.0971618652344,0.0,0.877871036529541,3.222022533416748,1001.2731018066406,56.70894908905029
47,2023,6,29,16.0,-0.8660254037844385,-0.5000000000000004,0.81965923,1.018085,0.9188721,524.7987022399902,31.7438903808594,0.0,0.8756227493286133,3.1201648712158203,1001.3088989257812,59.0887393951416
0,2023,6,28,16.5,-0.9238795325112868,-0.3826834323650895,0.34380317,0.0,0.17190158,103.28265488147736,29.714013671875023,0.0,0.7635259628295898,2.98970890045166,1005.2183532714844,69.28138637542725
1,2023,6,28,17.0,-0.9659258262890683,-0.25881904510252063,0.17936277,0.011883497,0.095623136,65.97739338874817,28.961785888671898,0.0,0.9689016342163086,2.960698127746582,1005.1890258789062,72.53435897827148
2,2023,6,28,17.5,-0.9914448613738104,-0.13052619222005163,0.16615963,0.0,0.083079815,39.08244669437408,28.261102294921898,0.0,0.6179065704345703,3.059945106506348,1005.2507934570312,75.49728965759277
3,2023,6,28,18.0,-1.0,-1.8369701987210297e-16,0.15958524,0.0,0.07979262,12.1875,27.560418701171898,0.0,0.266911506652832,3.1591920852661133,1005.3125610351562,78.46022033691406
4,2023,6,28,18.5,-0.9914448613738105,0.13052619222005127,0.11565614,0.0,0.05782807,6.09375,27.108972167968773,0.0,0.0117340087890625,3.2884721755981445,1005.211669921875,80.1164608001709
5,2023,6,28,19.0,-0.9659258262890684,0.2588190451025203,0.07308173,0.0,0.036540866,0.0,26.657525634765648,0.0,-0.243443489074707,3.417752265930176,1005.1107788085938,81.77270126342773
6,2023,6,28,19.5,-0.923879532511287,0.38268343236508917,0.053581,0.0,0.0267905,0.0,26.382928466796898,0.0,-0.0541563034057617,3.3585081100463867,1004.8397827148438,82.29383850097656
7,2023,6,28,20.0,-0.8660254037844386,0.5000000000000001,0.0,0.0,0.0,0.0,26.108331298828148,0.0,0.1351308822631836,3.2992639541625977,1004.5687866210938,82.81497573852539
8,2023,6,28,20.5,-0.7933533402912357,0.6087614290087199,0.0,0.0,0.0,0.0,25.91120300292971,0.0,0.4291577339172363,3.0184202194213867,1004.5318908691406,83.30290794372559
9,2023,6,28,21.0,-0.7071067811865477,0.7071067811865474,0.0,0.0,0.0,0.0,25.714074707031276,0.0,0.7231845855712891,2.737576484680176,1004.4949951171876,83.79084014892578
10,2023,6,28,21.5,-0.608761429008721,0.7933533402912349,0.0,0.0,0.0,0.0,25.51947937011721,0.0,0.9696869850158693,3.0209336280822754,1004.3352966308594,84.45046806335449
11,2023,6,28,22.0,-0.5000000000000004,0.8660254037844384,0.0,0.0,0.0,0.0,25.324884033203148,0.0,1.2161893844604492,3.304290771484375,1004.1755981445312,85.1100959777832
12,2023,6,28,22.5,-0.38268343236508956,0.9238795325112868,0.0,0.0,0.0,0.0,25.148522949218773,0.0,1.3852834701538086,2.962653160095215,1004.149383544922,85.65644264221191
13,2023,6,28,23.0,-0.25881904510252157,0.9659258262890681,0.0,0.0,0.0,0.0,24.9721618652344,0.0,1.554377555847168,2.6210155487060547,1004.1231689453124,86.20278930664062
14,2023,6,28,23.5,-0.13052619222005168,0.9914448613738104,0.0,0.0,0.0,0.0,24.83765563964846,0.0,1.6201043128967283,2.289867877960205,1004.104736328125,86.76399612426758
15,2023,6,29,0.0,0.0,1.0,0.0,0.0,0.0,0.0,24.703149414062523,0.0,1.685831069946289,1.9587202072143557,1004.0863037109376,87.32520294189453
16,2023,6,29,0.5,0.13052619222005157,0.9914448613738104,0.0,0.0,0.0,0.0,24.589944458007835,0.015625,1.4231886863708496,1.309858798980713,1003.932647705078,87.85425186157227
17,2023,6,29,1.0,0.25881904510252074,0.9659258262890683,0.0,0.0,0.0,0.0,24.476739501953148,0.03125,1.1605463027954102,0.6609973907470703,1003.7789916992188,88.38330078125
18,2023,6,29,1.5,0.3826834323650898,0.9238795325112867,0.0,0.0,0.0,0.0,24.304406738281276,0.015625,0.6826901435852051,0.4340648651123047,1003.7059631347656,90.8864974975586
19,2023,6,29,2.0,0.49999999999999994,0.8660254037844387,0.0,0.0,0.0,0.0,24.1320739746094,0.0,0.204833984375,0.207132339477539,1003.6329345703124,93.3896942138672
20,2023,6,29,2.5,0.6087614290087207,0.7933533402912352,0.0,0.0,0.0,0.0,24.043908691406276,0.0,0.2582721710205078,0.520756721496582,1003.6514892578124,92.76708984375
21,2023,6,29,3.0,0.7071067811865476,0.7071067811865476,0.0,0.0,0.0,0.0,23.955743408203148,0.0,0.3117103576660156,0.834381103515625,1003.6700439453124,92.1444854736328
22,2023,6,29,3.5,0.7933533402912352,0.6087614290087207,0.0,0.0,0.0,0.0,23.791055297851585,0.0,0.4673600196838379,0.9161419868469238,1003.756591796875,93.00594329833984
23,2023,6,29,4.0,0.8660254037844386,0.5000000000000001,0.9716923,0.0,0.48584616,0.0,23.626367187500023,0.0,0.6230096817016602,0.9979028701782228,1003.8431396484376,93.86740112304688
24,2023,6,29,4.5,0.9238795325112867,0.38268343236508984,0.9624994,0.0,0.4812497,2.921875,23.509683227539085,0.0,0.6145405769348145,1.072892189025879,1004.0340270996094,94.55914115905762
25,2023,6,29,5.0,0.9659258262890683,0.25881904510252074,0.94662035,0.0,0.47331017,5.84375,23.392999267578148,0.0,0.6060714721679688,1.1478815078735352,1004.2249145507812,95.25088119506836
26,2023,6,29,5.5,0.9914448613738104,0.1305261922200517,1.050672,0.0,0.525336,38.046875,23.50202331542971,0.0,0.7851834297180176,1.035390853881836,1004.383819580078,94.5630874633789
27,2023,6,29,6.0,1.0,6.123233995736766e-17,1.1238194,0.0,0.5619097,70.25,23.611047363281276,0.0,0.9642953872680664,0.9229001998901368,1004.542724609375,93.87529373168944
28,2023,6,29,6.5,0.9914448613738104,-0.1305261922200516,1.3390887,0.0,0.66954434,143.13545888662338,24.12549743652346,0.0,0.953361988067627,0.7472639083862305,1004.571319580078,91.46190452575684
29,2023,6,29,7.0,0.9659258262890683,-0.25881904510252063,1.5171909,0.0,0.75859547,216.0209177732468,24.639947509765648,0.0,0.9424285888671876,0.5716276168823242,1004.5999145507812,89.04851531982422
30,2023,6,29,7.5,0.9238795325112868,-0.3826834323650895,1.6108768,0.0,0.8054384,295.38925701379776,25.414102172851585,0.0,0.7871646881103516,0.6842789649963379,1004.5628967285156,85.14228439331055
31,2023,6,29,8.0,0.8660254037844387,-0.4999999999999998,1.6462204,0.0,0.8231102,374.7575962543488,26.188256835937523,0.0,0.6319007873535156,0.7969303131103516,1004.52587890625,81.23605346679688
32,2023,6,29,8.5,0.7933533402912352,-0.6087614290087207,1.6034257,0.0,0.8017129,458.2886644601822,27.162393188476585,0.0,0.7346019744873047,1.1287727355957031,1004.3101196289062,75.0694637298584
33,2023,6,29,9.0,0.7071067811865476,-0.7071067811865475,1.5573967,0.0,0.7786983,541.8197326660156,28.136529541015648,0.0,0.8373031616210938,1.460615158081055,1004.0943603515624,68.90287399291992
34,2023,6,29,9.5,0.6087614290087209,-0.793353340291235,1.5415416,0.08609557,0.8138186,601.8023910522461,28.992242431640648,0.0,0.7919902801513672,1.546839714050293,1003.793212890625,63.93593978881836
35,2023,6,29,10.0,0.49999999999999994,-0.8660254037844387,1.5253268,0.27520776,0.9002673,661.7850494384766,29.847955322265648,0.0,0.7466773986816406,1.6330642700195312,1003.4920654296876,58.9690055847168
36,2023,6,29,10.5,0.3826834323650899,-0.9238795325112867,1.4643877,0.46408725,0.96423745,720.4834890365601,30.605996704101585,0.0,0.7097430229187012,2.0679426193237305,1003.12255859375,56.36455535888672
37,2023,6,29,11.0,0.258819045102521,-0.9659258262890682,1.3750951,0.67976,1.0274276,779.1819286346436,31.364038085937523,0.0,0.6728086471557617,2.5028209686279297,1002.7530517578124,53.76010513305664
38,2023,6,29,11.5,0.130526192220052,-0.9914448613738104,1.3361627,0.84286904,1.0895159,815.8183727264404,31.736535644531276,0.0,0.7407350540161133,2.70355224609375,1002.4725036621094,53.282352447509766
39,2023,6,29,12.0,1.2246467991473532e-16,-1.0,1.2979145,1.0081697,1.1530421,852.4548168182373,32.10903320312502,0.0,0.8086614608764648,2.9042835235595703,1002.1919555664062,52.80459976196289
40,2023,6,29,12.5,-0.13052619222005177,-0.9914448613738104,1.2389649,1.0158389,1.1274018,849.997236251831,32.27266845703127,0.0,0.7873482704162598,3.0875535011291504,1001.917999267578,52.74584102630615
41,2023,6,29,13.0,-0.2588190451025208,-0.9659258262890683,1.2023256,1.0240366,1.1131811,847.5396556854248,32.43630371093752,0.0,0.7660350799560547,3.2708234786987305,1001.64404296875,52.68708229064941
42,2023,6,29,13.5,-0.38268343236508967,-0.9238795325112868,1.1838936,1.0083959,1.0961447,830.4839220046997,32.48076782226565,0.0,0.8189644813537598,3.307372570037842,1001.5936584472656,53.03346157073975
43,2023,6,29,14.0,-0.4999999999999997,-0.8660254037844388,1.1648506,0.9970629,1.0809567,813.4281883239746,32.52523193359377,0.0,0.8718938827514648,3.343921661376953,1001.5432739257812,53.37984085083008
44,2023,6,29,14.5,-0.6087614290087207,-0.7933533402912352,1.1372662,0.86155534,0.99941075,758.70032787323,32.487832641601585,0.0,0.8760066032409668,3.3339009284973145,1001.3902893066406,53.85449981689453
45,2023,6,29,15.0,-0.7071067811865471,-0.7071067811865479,1.1105871,0.7269547,0.9187709,703.9724674224854,32.4504333496094,0.0,0.8801193237304688,3.323880195617676,1001.2373046875,54.32915878295898
46,2023,6,29,15.5,-0.7933533402912349,-0.6087614290087209,1.0593823,0.48504496,0.77221364,614.3855848312378,32.0971618652344,0.0,0.877871036529541,3.222022533416748,1001.2731018066406,56.70894908905029
47,2023,6,29,16.0,-0.8660254037844385,-0.5000000000000004,0.9640467,0.27725697,0.62065184,524.7987022399902,31.7438903808594,0.0,0.8756227493286133,3.1201648712158203,1001.3088989257812,59.0887393951416
0,2023,6,28,16.5,-0.9238795325112868,-0.3826834323650895,0.1343658,0.5496826,0.3420242,103.28265488147736,29.714013671875023,0.0,0.7635259628295898,2.98970890045166,1005.2183532714844,69.28138637542725
1,2023,6,28,17.0,-0.9659258262890683,-0.25881904510252063,0.05019474,0.51057625,0.2803855,65.97739338874817,28.961785888671898,0.0,0.9689016342163086,2.960698127746582,1005.1890258789062,72.53435897827148
2,2023,6,28,17.5,-0.9914448613738104,-0.13052619222005163,0.057316065,0.45515847,0.25623727,39.08244669437408,28.261102294921898,0.0,0.6179065704345703,3.059945106506348,1005.2507934570312,75.49728965759277
3,2023,6,28,18.0,-1.0,-1.8369701987210297e-16,0.058924913,0.42448664,0.24170578,12.1875,27.560418701171898,0.0,0.266911506652832,3.1591920852661133,1005.3125610351562,78.46022033691406
4,2023,6,28,18.5,-0.9914448613738105,0.13052619222005127,0.010731459,0.46846318,0.23959732,6.09375,27.108972167968773,0.0,0.0117340087890625,3.2884721755981445,1005.211669921875,80.1164608001709
5,2023,6,28,19.0,-0.9659258262890684,0.2588190451025203,0.0,0.5201838,0.2600919,0.0,26.657525634765648,0.0,-0.243443489074707,3.417752265930176,1005.1107788085938,81.77270126342773
6,2023,6,28,19.5,-0.923879532511287,0.38268343236508917,0.0,0.44318748,0.22159374,0.0,26.382928466796898,0.0,-0.0541563034057617,3.3585081100463867,1004.8397827148438,82.29383850097656
7,2023,6,28,20.0,-0.8660254037844386,0.5000000000000001,0.0,0.0,0.0,0.0,26.108331298828148,0.0,0.1351308822631836,3.2992639541625977,1004.5687866210938,82.81497573852539
8,2023,6,28,20.5,-0.7933533402912357,0.6087614290087199,0.0,0.0,0.0,0.0,25.91120300292971,0.0,0.4291577339172363,3.0184202194213867,1004.5318908691406,83.30290794372559
9,2023,6,28,21.0,-0.7071067811865477,0.7071067811865474,0.0,0.0,0.0,0.0,25.714074707031276,0.0,0.7231845855712891,2.737576484680176,1004.4949951171876,83.79084014892578
10,2023,6,28,21.5,-0.608761429008721,0.7933533402912349,0.0,0.0,0.0,0.0,25.51947937011721,0.0,0.9696869850158693,3.0209336280822754,1004.3352966308594,84.45046806335449
11,2023,6,28,22.0,-0.5000000000000004,0.8660254037844384,0.0,0.0,0.0,0.0,25.324884033203148,0.0,1.2161893844604492,3.304290771484375,1004.1755981445312,85.1100959777832
12,2023,6,28,22.5,-0.38268343236508956,0.9238795325112868,0.0,0.0,0.0,0.0,25.148522949218773,0.0,1.3852834701538086,2.962653160095215,1004.149383544922,85.65644264221191
13,2023,6,28,23.0,-0.25881904510252157,0.9659258262890681,0.0,0.0,0.0,0.0,24.9721618652344,0.0,1.554377555847168,2.6210155487060547,1004.1231689453124,86.20278930664062
14,2023,6,28,23.5,-0.13052619222005168,0.9914448613738104,0.0,0.0,0.0,0.0,24.83765563964846,0.0,1.6201043128967283,2.289867877960205,1004.104736328125,86.76399612426758
15,2023,6,29,0.0,0.0,1.0,0.0,0.0,0.0,0.0,24.703149414062523,0.0,1.685831069946289,1.9587202072143557,1004.0863037109376,87.32520294189453
16,2023,6,29,0.5,0.13052619222005157,0.9914448613738104,0.0,0.0,0.0,0.0,24.589944458007835,0.015625,1.4231886863708496,1.309858798980713,1003.932647705078,87.85425186157227
17,2023,6,29,1.0,0.25881904510252074,0.9659258262890683,0.0,0.0,0.0,0.0,24.476739501953148,0.03125,1.1605463027954102,0.6609973907470703,1003.7789916992188,88.38330078125
18,2023,6,29,1.5,0.3826834323650898,0.9238795325112867,0.0,0.0,0.0,0.0,24.304406738281276,0.015625,0.6826901435852051,0.4340648651123047,1003.7059631347656,90.8864974975586
19,2023,6,29,2.0,0.49999999999999994,0.8660254037844387,0.0,0.0,0.0,0.0,24.1320739746094,0.0,0.204833984375,0.207132339477539,1003.6329345703124,93.3896942138672
20,2023,6,29,2.5,0.6087614290087207,0.7933533402912352,0.0,0.0,0.0,0.0,24.043908691406276,0.0,0.2582721710205078,0.520756721496582,1003.6514892578124,92.76708984375
21,2023,6,29,3.0,0.7071067811865476,0.7071067811865476,0.0,0.0,0.0,0.0,23.955743408203148,0.0,0.3117103576660156,0.834381103515625,1003.6700439453124,92.1444854736328
22,2023,6,29,3.5,0.7933533402912352,0.6087614290087207,0.0,0.0,0.0,0.0,23.791055297851585,0.0,0.4673600196838379,0.9161419868469238,1003.756591796875,93.00594329833984
23,2023,6,29,4.0,0.8660254037844386,0.5000000000000001,0.9085672,0.0,0.4542836,0.0,23.626367187500023,0.0,0.6230096817016602,0.9979028701782228,1003.8431396484376,93.86740112304688
24,2023,6,29,4.5,0.9238795325112867,0.38268343236508984,0.90472627,0.0,0.45236313,2.921875,23.509683227539085,0.0,0.6145405769348145,1.072892189025879,1004.0340270996094,94.55914115905762
25,2023,6,29,5.0,0.9659258262890683,0.25881904510252074,0.90100765,0.0,0.45050383,5.84375,23.392999267578148,0.0,0.6060714721679688,1.1478815078735352,1004.2249145507812,95.25088119506836
26,2023,6,29,5.5,0.9914448613738104,0.1305261922200517,1.0049542,0.0,0.5024771,38.046875,23.50202331542971,0.0,0.7851834297180176,1.035390853881836,1004.383819580078,94.5630874633789
27,2023,6,29,6.0,1.0,6.123233995736766e-17,1.1057467,0.0,0.5528734,70.25,23.611047363281276,0.0,0.9642953872680664,0.9229001998901368,1004.542724609375,93.87529373168944
28,2023,6,29,6.5,0.9914448613738104,-0.1305261922200516,1.3377218,0.0,0.6688609,143.13545888662338,24.12549743652346,0.0,0.953361988067627,0.7472639083862305,1004.571319580078,91.46190452575684
29,2023,6,29,7.0,0.9659258262890683,-0.25881904510252063,1.4692746,0.0,0.7346373,216.0209177732468,24.639947509765648,0.0,0.9424285888671876,0.5716276168823242,1004.5999145507812,89.04851531982422
30,2023,6,29,7.5,0.9238795325112868,-0.3826834323650895,1.657929,0.0,0.8289645,295.38925701379776,25.414102172851585,0.0,0.7871646881103516,0.6842789649963379,1004.5628967285156,85.14228439331055
31,2023,6,29,8.0,0.8660254037844387,-0.4999999999999998,1.7560985,0.0,0.87804925,374.7575962543488,26.188256835937523,0.0,0.6319007873535156,0.7969303131103516,1004.52587890625,81.23605346679688
32,2023,6,29,8.5,0.7933533402912352,-0.6087614290087207,1.7693536,0.17213488,0.97074425,458.2886644601822,27.162393188476585,0.0,0.7346019744873047,1.1287727355957031,1004.3101196289062,75.0694637298584
33,2023,6,29,9.0,0.7071067811865476,-0.7071067811865475,1.7684448,0.5919502,1.1801975,541.8197326660156,28.136529541015648,0.0,0.8373031616210938,1.460615158081055,1004.0943603515624,68.90287399291992
34,2023,6,29,9.5,0.6087614290087209,-0.793353340291235,1.7851993,0.8887696,1.3369844,601.8023910522461,28.992242431640648,0.0,0.7919902801513672,1.546839714050293,1003.793212890625,63.93593978881836
35,2023,6,29,10.0,0.49999999999999994,-0.8660254037844387,1.790405,1.1779947,1.4841999,661.7850494384766,29.847955322265648,0.0,0.7466773986816406,1.6330642700195312,1003.4920654296876,58.9690055847168
36,2023,6,29,10.5,0.3826834323650899,-0.9238795325112867,1.762046,1.535099,1.6485724,720.4834890365601,30.605996704101585,0.0,0.7097430229187012,2.0679426193237305,1003.12255859375,56.36455535888672
37,2023,6,29,11.0,0.258819045102521,-0.9659258262890682,1.6940627,1.8910646,1.7925637,779.1819286346436,31.364038085937523,0.0,0.6728086471557617,2.5028209686279297,1002.7530517578124,53.76010513305664
38,2023,6,29,11.5,0.130526192220052,-0.9914448613738104,1.668715,2.0923576,1.8805363,815.8183727264404,31.736535644531276,0.0,0.7407350540161133,2.70355224609375,1002.4725036621094,53.282352447509766
39,2023,6,29,12.0,1.2246467991473532e-16,-1.0,1.6422014,2.2921467,1.967174,852.4548168182373,32.10903320312502,0.0,0.8086614608764648,2.9042835235595703,1002.1919555664062,52.80459976196289
40,2023,6,29,12.5,-0.13052619222005177,-0.9914448613738104,1.5684376,2.3173323,1.9428849,849.997236251831,32.27266845703127,0.0,0.7873482704162598,3.0875535011291504,1001.917999267578,52.74584102630615
41,2023,6,29,13.0,-0.2588190451025208,-0.9659258262890683,1.4946735,2.3425193,1.9185964,847.5396556854248,32.43630371093752,0.0,0.7660350799560547,3.2708234786987305,1001.64404296875,52.68708229064941
42,2023,6,29,13.5,-0.38268343236508967,-0.9238795325112868,1.453647,2.285596,1.8696215,830.4839220046997,32.48076782226565,0.0,0.8189644813537598,3.307372570037842,1001.5936584472656,53.03346157073975
43,2023,6,29,14.0,-0.4999999999999997,-0.8660254037844388,1.4063095,2.2375498,1.8219297,813.4281883239746,32.52523193359377,0.0,0.8718938827514648,3.343921661376953,1001.5432739257812,53.37984085083008
44,2023,6,29,14.5,-0.6087614290087207,-0.7933533402912352,1.2951825,2.0257902,1.6604863,758.70032787323,32.487832641601585,0.0,0.8760066032409668,3.3339009284973145,1001.3902893066406,53.85449981689453
45,2023,6,29,15.0,-0.7071067811865471,-0.7071067811865479,1.162471,1.8283386,1.4954048,703.9724674224854,32.4504333496094,0.0,0.8801193237304688,3.323880195617676,1001.2373046875,54.32915878295898
46,2023,6,29,15.5,-0.7933533402912349,-0.6087614290087209,0.973119,1.4643393,1.2187291,614.3855848312378,32.0971618652344,0.0,0.877871036529541,3.222022533416748,1001.2731018066406,56.70894908905029
47,2023,6,29,16.0,-0.8660254037844385,-0.5000000000000004,0.7873852,1.1055479,0.94646657,524.7987022399902,31.7438903808594,0.0,0.8756227493286133,3.1201648712158203,1001.3088989257812,59.0887393951416
