cpu_info,memory_info,cpu_clock_frequency,epochs,number_of_data,execution_time
4,8,2.8,100,100,3.1877286434173584
4,8,2.8,100,200,3.0739879608154297
4,8,2.8,100,300,3.8077919483184814
4,8,2.8,100,400,4.18085241317749
4,8,2.8,100,500,4.923437595367432
4,8,2.8,100,600,5.448798656463623
4,8,2.8,100,700,5.830589056015015
4,8,2.8,100,800,6.103039503097534
4,8,2.8,100,900,7.186917781829834
4,8,2.8,100,1000,7.608768939971924
4,8,2.8,100,1100,8.032532930374146
4,8,2.8,100,1200,8.971452474594116
4,8,2.8,100,1300,9.198963165283203
4,8,2.8,100,1400,9.71211552619934
4,8,2.8,100,1500,10.247713565826416
4,8,2.8,100,1600,10.235509872436523
4,8,2.8,100,1700,11.43704867362976
4,8,2.8,100,1800,11.979526996612549
4,8,2.8,100,1900,12.40431022644043
4,8,2.8,100,2000,13.029232025146484
4,8,2.8,100,2100,13.45937466621399
4,8,2.8,100,2200,14.066717147827148
4,8,2.8,100,2300,15.80193018913269
4,8,2.8,100,2400,14.985606908798218
4,8,2.8,100,2500,16.209624528884888
4,8,2.8,100,2600,16.63927960395813
4,8,2.8,100,2700,17.112417459487915
4,8,2.8,100,2800,17.732946634292603
4,8,2.8,100,2900,18.326632499694824
4,8,2.8,100,3000,18.849578619003296
4,8,2.8,100,3100,19.23670744895935
4,8,2.8,100,3200,18.78511357307434
4,8,2.8,100,3300,21.65255331993103
4,8,2.8,100,3400,22.242388248443604
4,8,2.8,100,3500,22.563440799713135
4,8,2.8,100,3600,22.411277055740356
4,8,2.8,100,3700,22.778422594070435
4,8,2.8,100,3800,23.1196928024292
4,8,2.8,100,3900,23.62993049621582
4,8,2.8,100,4000,23.0840847492218
4,8,2.8,100,4100,24.920844554901123
4,8,2.8,100,4200,25.453523874282837
4,8,2.8,100,4300,25.857635736465454
4,8,2.8,100,4400,29.12170648574829
4,8,2.8,100,4500,28.82511019706726
4,8,2.8,100,4600,29.3148934841156
4,8,2.8,100,4700,29.858026027679443
4,8,2.8,100,4800,28.187663555145264
4,8,2.8,100,4900,29.969332695007324
4,8,2.8,100,5000,30.41115164756775
4,8,2.8,100,5100,30.690932989120483
4,8,2.8,100,5200,31.135284185409546
4,8,2.8,100,5300,31.648897647857666
4,8,2.8,100,5400,35.038816928863525
4,8,2.8,100,5500,35.031018018722534
4,8,2.8,100,5600,33.66100335121155
4,8,2.8,100,5700,36.145174741744995
4,8,2.8,100,5800,36.015809774398804
4,8,2.8,100,5900,35.917189598083496
4,8,2.8,100,6000,36.25994634628296
4,8,2.8,100,6100,36.975693225860596
4,8,2.8,100,6200,37.33311104774475
4,8,2.8,100,6300,37.57624363899231
4,8,2.8,100,6400,38.89109969139099
4,8,2.8,100,6500,41.672654151916504
4,8,2.8,100,6600,41.632179260253906
4,8,2.8,100,6700,41.87091660499573
4,8,2.8,100,6800,42.12090826034546
4,8,2.8,100,6900,42.44718408584595
4,8,2.8,100,7000,42.27796006202698
4,8,2.8,100,7100,42.518455266952515
4,8,2.8,100,7200,40.597503423690796
4,8,2.8,100,7300,43.23944568634033
4,8,2.8,100,7400,47.38631510734558
4,8,2.8,100,7500,47.67330884933472
4,8,2.8,100,7600,47.95259952545166
4,8,2.8,100,7700,48.21087646484375
4,8,2.8,100,7800,48.33389234542847
4,8,2.8,100,7900,48.67814350128174
4,8,2.8,100,8000,46.21580934524536
4,8,2.8,100,8100,48.90274715423584
4,8,2.8,100,8200,48.65959119796753
4,8,2.8,100,8300,48.70600080490112
4,8,2.8,100,8400,52.92948770523071
4,8,2.8,100,8500,53.790300607681274
4,8,2.8,100,8600,54.14965105056763
4,8,2.8,100,8700,54.012446880340576
4,8,2.8,100,8800,51.70636820793152
4,8,2.8,100,8900,54.737003564834595
4,8,2.8,100,9000,53.936290979385376
4,8,2.8,100,9100,54.236103773117065
4,8,2.8,100,9200,53.91334915161133
4,8,2.8,100,9300,54.3615562915802
4,8,2.8,100,9400,59.904834270477295
4,8,2.8,100,9500,61.063961029052734
4,8,2.8,100,9600,58.798428773880005
4,8,2.8,100,9700,61.39403986930847
4,8,2.8,100,9800,61.80658030509949
4,8,2.8,100,9900,61.86918020248413
4,8,2.8,100,10000,61.85594320297241
4,8,2.8,100,10100,62.08102989196777
4,8,2.8,100,10200,61.827128410339355
4,8,2.8,100,10300,61.412914752960205
4,8,2.8,100,10400,63.48500847816467
4,8,2.8,100,10500,66.94199752807617
4,8,2.8,100,10600,67.67577195167542
4,8,2.8,100,10700,67.32647061347961
4,8,2.8,100,10800,67.41092157363892
4,8,2.8,100,10900,67.3601279258728
4,8,2.8,100,11000,67.58816885948181
4,8,2.8,100,11100,67.5920581817627
4,8,2.8,100,11200,64.31382036209106
4,8,2.8,100,11300,67.97364640235901
4,8,2.8,100,11400,72.27460312843323
4,8,2.8,100,11500,72.57439756393433
4,8,2.8,100,11600,72.38930559158325
4,8,2.8,100,11700,72.95767307281494
4,8,2.8,100,11800,72.86684513092041
4,8,2.8,100,11900,72.63491606712341
4,8,2.8,100,12000,68.94654965400696
4,8,2.8,100,12100,72.84288835525513
4,8,2.8,100,12200,73.24036383628845
4,8,2.8,100,12300,75.30671000480652
4,8,2.8,100,12400,79.0058524608612
4,8,2.8,100,12500,78.50779581069946
4,8,2.8,100,12600,78.91258430480957
4,8,2.8,100,12700,78.84568452835083
4,8,2.8,100,12800,75.5394012928009
4,8,2.8,100,12900,79.56693053245544
4,8,2.8,100,13000,79.4063777923584
4,8,2.8,100,13100,78.98471164703369
4,8,2.8,100,13200,83.99403548240662
4,8,2.8,100,13300,86.21671390533447
4,8,2.8,100,13400,86.09065890312195
4,8,2.8,100,13500,86.47340989112854
4,8,2.8,100,13600,81.81236672401428
4,8,2.8,100,13700,86.57787346839905
4,8,2.8,100,13800,86.09649062156677
4,8,2.8,100,13900,87.28246688842773
4,8,2.8,100,14000,87.18187737464905
4,8,2.8,100,14100,86.49927091598511
4,8,2.8,100,14200,85.25368404388428
4,8,2.8,100,14300,92.17738556861877
4,8,2.8,100,14400,87.80785202980042
4,8,2.8,100,14500,92.03824090957642
4,8,2.8,100,14600,92.68179416656494
4,8,2.8,100,14700,91.53531503677368
4,8,2.8,100,14800,91.72282361984253
4,8,2.8,100,14900,91.75507974624634
4,8,2.8,100,15000,91.94554305076599
4,8,2.8,100,15100,90.44410252571106
4,8,2.8,100,15200,85.72914910316467
4,8,2.8,100,15300,98.52532315254211
4,8,2.8,100,15400,98.72925734519958
4,8,2.8,100,15500,98.1403980255127
4,8,2.8,100,15600,98.48023247718811
4,8,2.8,100,15700,98.25902462005615
4,8,2.8,100,15800,98.56712007522583
4,8,2.8,100,15900,97.89470624923706
4,8,2.8,100,16000,92.9690933227539
4,8,2.8,100,16100,99.0260968208313
4,8,2.8,100,16200,97.92600202560425
4,8,2.8,100,16300,105.07875466346741
4,8,2.8,100,16400,104.97520279884338
4,8,2.8,100,16500,105.23740363121033
4,8,2.8,100,16600,105.1212112903595
4,8,2.8,100,16700,104.79702997207642
4,8,2.8,100,16800,99.35511827468872
4,8,2.8,100,16900,104.23101234436035
4,8,2.8,100,17000,103.18242740631104
4,8,2.8,100,17100,102.821950674057
4,8,2.8,100,17200,109.94612550735474
4,8,2.8,100,17300,109.49806118011475
4,8,2.8,100,17400,109.74301886558533
4,8,2.8,100,17500,109.5383574962616
4,8,2.8,100,100,2.9487006664276123
4,8,2.8,100,200,3.0151093006134033
4,8,2.8,100,300,3.825653553009033
4,8,2.8,100,400,4.118603467941284
4,8,2.8,100,500,4.668867588043213
4,8,2.8,100,600,5.1473987102508545
4,8,2.8,100,700,5.672813177108765
4,8,2.8,100,800,5.942787170410156
4,8,2.8,100,900,6.92521858215332
4,8,2.8,100,1000,7.427172660827637
4,8,2.8,100,1100,8.007707357406616
4,8,2.8,100,1200,8.900785446166992
4,8,2.8,100,1300,9.119513511657715
4,8,2.8,100,1400,9.761591911315918
4,8,2.8,100,1500,10.298219680786133
4,8,2.8,100,1600,10.17468523979187
4,8,2.8,100,1700,11.422228336334229
4,8,2.8,100,1800,11.969077587127686
4,8,2.8,100,1900,12.517414808273315
4,8,2.8,100,2000,13.220535278320312
4,8,2.8,100,2100,13.771795511245728
4,8,2.8,100,2200,14.185357332229614
4,8,2.8,100,2300,15.766867637634277
4,8,2.8,100,2400,14.836239576339722
4,8,2.8,100,2500,16.148212432861328
4,8,2.8,100,2600,16.654048919677734
4,8,2.8,100,2700,17.101788759231567
4,8,2.8,100,2800,17.717546701431274
4,8,2.8,100,2900,18.13887882232666
4,8,2.8,100,3000,18.59445834159851
4,8,2.8,100,3100,19.178929805755615
4,8,2.8,100,3200,18.804863691329956
4,8,2.8,100,3300,21.78680992126465
4,8,2.8,100,3400,22.38545274734497
4,8,2.8,100,3500,22.518242359161377
4,8,2.8,100,3600,22.78431510925293
4,8,2.8,100,3700,22.832663774490356
4,8,2.8,100,3800,23.44104766845703
4,8,2.8,100,3900,24.00843071937561
4,8,2.8,100,4000,23.323838710784912
4,8,2.8,100,4100,25.25569987297058
4,8,2.8,100,4200,25.85517716407776
4,8,2.8,100,4300,26.421179056167603
4,8,2.8,100,4400,28.882904529571533
4,8,2.8,100,4500,28.62770128250122
4,8,2.8,100,4600,29.334994316101074
4,8,2.8,100,4700,29.44955086708069
4,8,2.8,100,4800,28.08268690109253
4,8,2.8,100,4900,29.623081922531128
4,8,2.8,100,5000,30.500431776046753
4,8,2.8,100,5100,30.884620666503906
4,8,2.8,100,5200,31.3777174949646
4,8,2.8,100,5300,32.194056272506714
4,8,2.8,100,5400,35.12659215927124
4,8,2.8,100,5500,35.21545696258545
4,8,2.8,100,5600,33.89995813369751
4,8,2.8,100,5700,35.67287302017212
4,8,2.8,100,5800,36.03417754173279
4,8,2.8,100,5900,36.12892818450928
4,8,2.8,100,6000,36.0903103351593
4,8,2.8,100,6100,36.573721170425415
4,8,2.8,100,6200,37.210389375686646
4,8,2.8,100,6300,37.493560552597046
4,8,2.8,100,6400,38.748958110809326
4,8,2.8,100,6500,41.41150999069214
4,8,2.8,100,6600,41.05505657196045
4,8,2.8,100,6700,41.28799247741699
4,8,2.8,100,6800,41.35912895202637
4,8,2.8,100,6900,41.44788074493408
4,8,2.8,100,7000,41.985212326049805
4,8,2.8,100,7100,42.245890378952026
4,8,2.8,100,7200,40.75335097312927
4,8,2.8,100,7300,43.05380988121033
4,8,2.8,100,7400,46.9388382434845
4,8,2.8,100,7500,46.88693356513977
4,8,2.8,100,7600,46.76426935195923
4,8,2.8,100,7700,46.70457887649536
4,8,2.8,100,7800,46.71673083305359
4,8,2.8,100,7900,47.36562633514404
4,8,2.8,100,8000,45.24260687828064
4,8,2.8,100,8100,47.68634819984436
4,8,2.8,100,8200,48.495887756347656
4,8,2.8,100,8300,49.16773700714111
4,8,2.8,100,8400,53.09545922279358
4,8,2.8,100,8500,54.05681014060974
4,8,2.8,100,8600,53.65549159049988
4,8,2.8,100,8700,53.86659002304077
4,8,2.8,100,8800,50.91289305686951
4,8,2.8,100,8900,54.02045750617981
4,8,2.8,100,9000,54.331658124923706
4,8,2.8,100,9100,54.86756753921509
4,8,2.8,100,9200,54.353148460388184
4,8,2.8,100,9300,55.03366804122925
4,8,2.8,100,9400,59.86944103240967
4,8,2.8,100,9500,60.81214904785156
4,8,2.8,100,9600,58.03328251838684
4,8,2.8,100,9700,61.32759428024292
4,8,2.8,100,9800,60.85050320625305
4,8,2.8,100,9900,61.17559504508972
4,8,2.8,100,10000,60.81572127342224
4,8,2.8,100,10100,60.58080554008484
4,8,2.8,100,10200,61.68181300163269
4,8,2.8,100,10300,60.79217219352722
4,8,2.8,100,10400,63.423492670059204
4,8,2.8,100,10500,66.88500094413757
4,8,2.8,100,10600,66.98739385604858
4,8,2.8,100,10700,66.88532519340515
4,8,2.8,100,10800,66.46055507659912
4,8,2.8,100,10900,66.61184430122375
4,8,2.8,100,11000,66.72318410873413
4,8,2.8,100,11100,66.9443712234497
4,8,2.8,100,11200,62.83261013031006
4,8,2.8,100,11300,67.08649468421936
4,8,2.8,100,11400,72.31831312179565
4,8,2.8,100,11500,72.50681376457214
4,8,2.8,100,11600,72.85569977760315
4,8,2.8,100,11700,72.39232730865479
4,8,2.8,100,11800,72.05217576026917
4,8,2.8,100,11900,72.3905827999115
4,8,2.8,100,12000,68.96500825881958
4,8,2.8,100,12100,72.96358132362366
4,8,2.8,100,12200,72.74686074256897
4,8,2.8,100,12300,74.50584292411804
4,8,2.8,100,12400,78.5436315536499
4,8,2.8,100,12500,78.27923488616943
4,8,2.8,100,12600,78.1770453453064
4,8,2.8,100,12700,78.49723696708679
4,8,2.8,100,12800,73.84587359428406
4,8,2.8,100,12900,78.26812767982483
4,8,2.8,100,13000,78.50489950180054
4,8,2.8,100,13100,79.27144765853882
4,8,2.8,100,13200,78.96578645706177
4,8,2.8,100,13300,86.52428841590881
4,8,2.8,100,13400,86.63802361488342
4,8,2.8,100,13500,86.53642582893372
4,8,2.8,100,13600,82.08531832695007
4,8,2.8,100,13700,85.66923499107361
4,8,2.8,100,13800,85.23422074317932
4,8,2.8,100,13900,84.4638295173645
4,8,2.8,100,14000,84.47905921936035
4,8,2.8,100,14100,84.61174774169922
4,8,2.8,100,14200,85.32648015022278
4,8,2.8,100,14300,93.77442955970764
4,8,2.8,100,14400,89.09890723228455
4,8,2.8,100,14500,93.68195700645447
4,8,2.8,100,14600,93.31395626068115
4,8,2.8,100,14700,92.63747239112854
4,8,2.8,100,14800,92.28623366355896
4,8,2.8,100,14900,91.12010407447815
4,8,2.8,100,15000,91.5497636795044
4,8,2.8,100,15100,91.21134376525879
4,8,2.8,100,15200,86.25917387008667
4,8,2.8,100,15300,98.29071879386902
4,8,2.8,100,15400,98.98064160346985
4,8,2.8,100,15500,97.1310613155365
4,8,2.8,100,15600,96.49582719802856
4,8,2.8,100,15700,95.71746611595154
4,8,2.8,100,15800,95.575368642807
4,8,2.8,100,15900,96.12702345848083
4,8,2.8,100,16000,90.137770652771
4,8,2.8,100,16100,96.35532879829407
4,8,2.8,100,16200,97.13298773765564
4,8,2.8,100,16300,107.18499732017517
4,8,2.8,100,16400,106.12220430374146
4,8,2.8,100,16500,105.14440655708313
4,8,2.8,100,16600,105.22029900550842
4,8,2.8,100,16700,104.86907649040222
4,8,2.8,100,16800,98.91394853591919
4,8,2.8,100,16900,103.52663326263428
4,8,2.8,100,17000,102.33027458190918
4,8,2.8,100,17100,103.10373115539551
4,8,2.8,100,17200,109.77794122695923
4,8,2.8,100,17300,113.90527582168579
4,8,2.8,100,17400,111.34573101997375
4,8,2.8,100,17500,110.61826848983765
4,64,2.8,100,100,2.3744661808013916
4,64,2.8,100,200,2.4042551517486572
4,64,2.8,100,300,2.9105794429779053
4,64,2.8,100,400,3.206002712249756
4,64,2.8,100,500,4.693316459655762
4,64,2.8,100,600,4.404240131378174
4,64,2.8,100,700,4.59514594078064
4,64,2.8,100,800,4.93158745765686
4,64,2.8,100,900,5.54972767829895
4,64,2.8,100,1000,6.047801971435547
4,64,2.8,100,1100,6.405653238296509
4,64,2.8,100,1200,7.253807544708252
4,64,2.8,100,1300,7.572644233703613
4,64,2.8,100,1400,7.791395902633667
4,64,2.8,100,1500,8.233771562576294
4,64,2.8,100,1600,8.659054279327393
4,64,2.8,100,1700,9.272853136062622
4,64,2.8,100,1800,9.626819372177124
4,64,2.8,100,1900,10.349466562271118
4,64,2.8,100,2000,10.51073956489563
4,64,2.8,100,2100,10.946861743927002
4,64,2.8,100,2200,11.31724214553833
4,64,2.8,100,2300,12.45137071609497
4,64,2.8,100,2400,11.946506023406982
4,64,2.8,100,2500,12.821343660354614
4,64,2.8,100,2600,13.131221532821655
4,64,2.8,100,2700,13.63872218132019
4,64,2.8,100,2800,13.96865963935852
4,64,2.8,100,2900,14.491535186767578
4,64,2.8,100,3000,14.515949964523315
4,64,2.8,100,3100,15.12968373298645
4,64,2.8,100,3200,14.854304313659668
4,64,2.8,100,3300,16.859659671783447
4,64,2.8,100,3400,17.08180856704712
4,64,2.8,100,3500,17.508075952529907
4,64,2.8,100,3600,17.618927240371704
4,64,2.8,100,3700,17.97680950164795
4,64,2.8,100,3800,18.247803688049316
4,64,2.8,100,3900,18.487561464309692
4,64,2.8,100,4000,18.28297233581543
4,64,2.8,100,4100,19.46704411506653
4,64,2.8,100,4200,19.881585836410522
4,64,2.8,100,4300,20.240460872650146
4,64,2.8,100,4400,21.92204737663269
4,64,2.8,100,4500,21.889349460601807
4,64,2.8,100,4600,22.142265558242798
4,64,2.8,100,4700,22.62372088432312
4,64,2.8,100,4800,22.49729084968567
4,64,2.8,100,4900,23.731115102767944
4,64,2.8,100,5000,24.331700325012207
4,64,2.8,100,5100,24.622733116149902
4,64,2.8,100,5200,25.197895288467407
4,64,2.8,100,5300,25.315094470977783
4,64,2.8,100,5400,27.3345947265625
4,64,2.8,100,5500,27.06997513771057
4,64,2.8,100,5600,25.969377517700195
4,64,2.8,100,5700,27.49673295021057
4,64,2.8,100,5800,27.595841884613037
4,64,2.8,100,5900,27.92492651939392
4,64,2.8,100,6000,28.626099348068237
4,64,2.8,100,6100,29.05527377128601
4,64,2.8,100,6200,29.207611560821533
4,64,2.8,100,6300,28.757460832595825
4,64,2.8,100,6400,29.331449508666992
4,64,2.8,100,6500,31.0064537525177
4,64,2.8,100,6600,30.508177757263184
4,64,2.8,100,6700,30.58370041847229
4,64,2.8,100,6800,30.53287672996521
4,64,2.8,100,6900,30.872716188430786
4,64,2.8,100,7000,31.07144546508789
4,64,2.8,100,7100,31.375667572021484
4,64,2.8,100,7200,30.78582000732422
4,64,2.8,100,7300,32.498234272003174
4,64,2.8,100,7400,34.41761898994446
4,64,2.8,100,7500,34.66416263580322
4,64,2.8,100,7600,34.71740531921387
4,64,2.8,100,7700,35.06165266036987
4,64,2.8,100,7800,35.210551738739014
4,64,2.8,100,7900,35.43812394142151
4,64,2.8,100,8000,34.59340572357178
4,64,2.8,100,8100,35.84432768821716
4,64,2.8,100,8200,36.28819489479065
4,64,2.8,100,8300,36.719348430633545
4,64,2.8,100,8400,38.983972787857056
4,64,2.8,100,8500,39.811609745025635
4,64,2.8,100,8600,39.81648063659668
4,64,2.8,100,8700,39.70222067832947
4,64,2.8,100,8800,38.670002460479736
4,64,2.8,100,8900,40.438063859939575
4,64,2.8,100,9000,40.771037578582764
4,64,2.8,100,9100,40.50934958457947
4,64,2.8,100,9200,40.56597876548767
4,64,2.8,100,9300,41.115802526474
4,64,2.8,100,9400,43.601088762283325
4,64,2.8,100,9500,44.00981879234314
4,64,2.8,100,9600,42.444380044937134
4,64,2.8,100,9700,44.58498239517212
4,64,2.8,100,9800,44.392136096954346
4,64,2.8,100,9900,44.44045567512512
4,64,2.8,100,10000,44.20950794219971
4,64,2.8,100,10100,44.95609927177429
4,64,2.8,100,10200,44.86915588378906
4,64,2.8,100,10300,45.16113996505737
4,64,2.8,100,10400,46.42140793800354
4,64,2.8,100,10500,48.38962459564209
4,64,2.8,100,10600,48.362767696380615
4,64,2.8,100,10700,48.14991569519043
4,64,2.8,100,10800,48.22409224510193
4,64,2.8,100,10900,48.45601963996887
4,64,2.8,100,11000,48.54692363739014
4,64,2.8,100,11100,48.923933267593384
4,64,2.8,100,11200,47.57062745094299
4,64,2.8,100,11300,49.67755675315857
4,64,2.8,100,11400,52.23848867416382
4,64,2.8,100,11500,52.55195212364197
4,64,2.8,100,11600,52.41618490219116
4,64,2.8,100,11700,52.70866274833679
4,64,2.8,100,11800,52.94497489929199
4,64,2.8,100,11900,52.81658339500427
4,64,2.8,100,12000,51.472387075424194
4,64,2.8,100,12100,53.27067303657532
4,64,2.8,100,12200,53.45866250991821
4,64,2.8,100,12300,55.23889493942261
4,64,2.8,100,12400,57.09194350242615
4,64,2.8,100,12500,57.22134780883789
4,64,2.8,100,12600,57.27453899383545
4,64,2.8,100,12700,57.04019021987915
4,64,2.8,100,12800,55.44840359687805
4,64,2.8,100,12900,57.50163006782532
4,64,2.8,100,13000,57.36682677268982
4,64,2.8,100,13100,57.30238103866577
4,64,2.8,100,13200,57.79753828048706
4,64,2.8,100,13300,61.58702111244202
4,64,2.8,100,13400,62.19056510925293
4,64,2.8,100,13500,62.23203682899475
4,64,2.8,100,13600,59.43959188461304
4,64,2.8,100,13700,62.70909070968628
4,64,2.8,100,13800,62.3863308429718
4,64,2.8,100,13900,61.98498201370239
4,64,2.8,100,14000,62.15051746368408
4,64,2.8,100,14100,62.32336091995239
4,64,2.8,100,14200,63.08464312553406
4,64,2.8,100,14300,63.55959129333496
4,64,2.8,100,14400,64.92701125144958
4,64,2.8,100,14500,67.11244416236877
4,64,2.8,100,14600,66.83018445968628
4,64,2.8,100,14700,66.57237267494202
4,64,2.8,100,14800,66.67296814918518
4,64,2.8,100,14900,66.62513375282288
4,64,2.8,100,15000,66.84144830703735
4,64,2.8,100,15100,66.54112148284912
4,64,2.8,100,15200,64.63930583000183
4,64,2.8,100,15300,71.84238290786743
4,64,2.8,100,15400,71.90194654464722
4,64,2.8,100,15500,71.40518975257874
4,64,2.8,100,15600,70.67889857292175
4,64,2.8,100,15700,70.69709801673889
4,64,2.8,100,15800,70.70765662193298
4,64,2.8,100,15900,70.50012254714966
4,64,2.8,100,16000,68.63930654525757
4,64,2.8,100,16100,71.16715097427368
4,64,2.8,100,16200,71.09828782081604
4,64,2.8,100,16300,78.39171314239502
4,64,2.8,100,16400,77.11096715927124
4,64,2.8,100,16500,76.59437298774719
4,64,2.8,100,16600,75.82873129844666
4,64,2.8,100,16700,76.24226570129395
4,64,2.8,100,16800,74.18972849845886
4,64,2.8,100,16900,75.2945454120636
4,64,2.8,100,17000,75.41321349143982
4,64,2.8,100,17100,76.66877436637878
4,64,2.8,100,17200,80.73310995101929
4,64,2.8,100,17300,81.63200354576111
4,64,2.8,100,17400,82.67106533050537
4,64,2.8,100,17500,79.94888210296631
4,64,2.8,100,100,2.354978322982788
4,64,2.8,100,200,2.3549752235412598
4,64,2.8,100,300,2.8608057498931885
4,64,2.8,100,400,3.158663511276245
4,64,2.8,100,500,3.580547571182251
4,64,2.8,100,600,3.981908082962036
4,64,2.8,100,700,4.369598150253296
4,64,2.8,100,800,4.627429962158203
4,64,2.8,100,900,5.300763130187988
4,64,2.8,100,1000,5.731910228729248
4,64,2.8,100,1100,6.150834083557129
4,64,2.8,100,1200,6.894995927810669
4,64,2.8,100,1300,7.135706186294556
4,64,2.8,100,1400,7.540005445480347
4,64,2.8,100,1500,7.977472543716431
4,64,2.8,100,1600,8.000930547714233
4,64,2.8,100,1700,8.75289273262024
4,64,2.8,100,1800,9.184514999389648
4,64,2.8,100,1900,9.571751356124878
4,64,2.8,100,2000,9.991640329360962
4,64,2.8,100,2100,10.373980522155762
4,64,2.8,100,2200,10.71087646484375
4,64,2.8,100,2300,11.931121587753296
4,64,2.8,100,2400,11.62690258026123
4,64,2.8,100,2500,12.500925779342651
4,64,2.8,100,2600,12.78997015953064
4,64,2.8,100,2700,13.206469774246216
4,64,2.8,100,2800,13.316339015960693
4,64,2.8,100,2900,13.735290050506592
4,64,2.8,100,3000,14.174757719039917
4,64,2.8,100,3100,14.598583221435547
4,64,2.8,100,3200,14.458429098129272
4,64,2.8,100,3300,16.207923412322998
4,64,2.8,100,3400,16.67326855659485
4,64,2.8,100,3500,17.08144998550415
4,64,2.8,100,3600,17.368577480316162
4,64,2.8,100,3700,17.70596480369568
4,64,2.8,100,3800,17.991174936294556
4,64,2.8,100,3900,18.347580432891846
4,64,2.8,100,4000,18.03360414505005
4,64,2.8,100,4100,19.084420442581177
4,64,2.8,100,4200,19.36906361579895
4,64,2.8,100,4300,19.79680585861206
4,64,2.8,100,4400,21.1815345287323
4,64,2.8,100,4500,21.342188835144043
4,64,2.8,100,4600,21.824137449264526
4,64,2.8,100,4700,22.116139888763428
4,64,2.8,100,4800,21.649829864501953
4,64,2.8,100,4900,22.922765970230103
4,64,2.8,100,5000,23.19569754600525
4,64,2.8,100,5100,23.587299346923828
4,64,2.8,100,5200,23.843680381774902
4,64,2.8,100,5300,24.563860654830933
4,64,2.8,100,5400,25.828994750976562
4,64,2.8,100,5500,25.75624942779541
4,64,2.8,100,5600,25.230376720428467
4,64,2.8,100,5700,26.474501371383667
4,64,2.8,100,5800,26.972065448760986
4,64,2.8,100,5900,27.26357674598694
4,64,2.8,100,6000,27.42373824119568
4,64,2.8,100,6100,27.793850898742676
4,64,2.8,100,6200,28.149794578552246
4,64,2.8,100,6300,28.417872667312622
4,64,2.8,100,6400,28.672723293304443
4,64,2.8,100,6500,30.60096025466919
4,64,2.8,100,6600,30.57166576385498
4,64,2.8,100,6700,30.69977068901062
4,64,2.8,100,6800,31.238573789596558
4,64,2.8,100,6900,31.48095178604126
4,64,2.8,100,7000,31.828818559646606
4,64,2.8,100,7100,31.85067653656006
4,64,2.8,100,7200,31.316377639770508
4,64,2.8,100,7300,32.54680371284485
4,64,2.8,100,7400,34.58341407775879
4,64,2.8,100,7500,34.526248931884766
4,64,2.8,100,7600,34.674224853515625
4,64,2.8,100,7700,35.36511540412903
4,64,2.8,100,7800,35.634631633758545
4,64,2.8,100,7900,35.66879463195801
4,64,2.8,100,8000,34.762587547302246
4,64,2.8,100,8100,36.266950845718384
4,64,2.8,100,8200,36.488635301589966
4,64,2.8,100,8300,37.1917781829834
4,64,2.8,100,8400,38.60093426704407
4,64,2.8,100,8500,39.54183912277222
4,64,2.8,100,8600,39.682945728302
4,64,2.8,100,8700,39.92904043197632
4,64,2.8,100,8800,38.76204538345337
4,64,2.8,100,8900,40.74397373199463
4,64,2.8,100,9000,41.08387565612793
4,64,2.8,100,9100,41.39828062057495
4,64,2.8,100,9200,41.475207567214966
4,64,2.8,100,9300,41.786455154418945
4,64,2.8,100,9400,43.488685607910156
4,64,2.8,100,9500,43.781601667404175
4,64,2.8,100,9600,42.50302314758301
4,64,2.8,100,9700,44.59958076477051
4,64,2.8,100,9800,45.19965052604675
4,64,2.8,100,9900,45.219109535217285
4,64,2.8,100,10000,45.428107500076294
4,64,2.8,100,10100,45.71275067329407
4,64,2.8,100,10200,45.81234383583069
4,64,2.8,100,10300,46.13070631027222
4,64,2.8,100,10400,46.66732406616211
4,64,2.8,100,10500,48.58237409591675
4,64,2.8,100,10600,48.53743076324463
4,64,2.8,100,10700,48.6653573513031
4,64,2.8,100,10800,48.53059363365173
4,64,2.8,100,10900,48.814279079437256
4,64,2.8,100,11000,48.607731103897095
4,64,2.8,100,11100,49.066219091415405
4,64,2.8,100,11200,47.9134042263031
4,64,2.8,100,11300,49.71078824996948
4,64,2.8,100,11400,51.75617527961731
4,64,2.8,100,11500,51.93732571601868
4,64,2.8,100,11600,52.371389865875244
4,64,2.8,100,11700,52.945634603500366
4,64,2.8,100,11800,52.91045379638672
4,64,2.8,100,11900,53.11994791030884
4,64,2.8,100,12000,51.65851354598999
4,64,2.8,100,12100,53.937819480895996
4,64,2.8,100,12200,54.30305004119873
4,64,2.8,100,12300,55.28936457633972
4,64,2.8,100,12400,56.61307382583618
4,64,2.8,100,12500,56.81814479827881
4,64,2.8,100,12600,56.83234167098999
4,64,2.8,100,12700,57.34502339363098
4,64,2.8,100,12800,55.3501193523407
4,64,2.8,100,12900,58.05973243713379
4,64,2.8,100,13000,57.79526448249817
4,64,2.8,100,13100,58.15152311325073
4,64,2.8,100,13200,58.403823137283325
4,64,2.8,100,13300,61.35297417640686
4,64,2.8,100,13400,61.66297125816345
4,64,2.8,100,13500,61.45155358314514
4,64,2.8,100,13600,59.77277088165283
4,64,2.8,100,13700,62.541823387145996
4,64,2.8,100,13800,62.266409158706665
4,64,2.8,100,13900,62.66777467727661
4,64,2.8,100,14000,62.661909341812134
4,64,2.8,100,14100,63.08623218536377
4,64,2.8,100,14200,62.979756116867065
4,64,2.8,100,14300,65.23124837875366
4,64,2.8,100,14400,63.487855434417725
4,64,2.8,100,14500,66.0134449005127
4,64,2.8,100,14600,66.23885798454285
4,64,2.8,100,14700,66.32904982566833
4,64,2.8,100,14800,66.58045196533203
4,64,2.8,100,14900,66.62238478660583
4,64,2.8,100,15000,66.81721520423889
4,64,2.8,100,15100,67.27421140670776
4,64,2.8,100,15200,64.94904017448425
4,64,2.8,100,15300,70.58960318565369
4,64,2.8,100,15400,70.24689936637878
4,64,2.8,100,15500,70.3796615600586
4,64,2.8,100,15600,70.1771149635315
4,64,2.8,100,15700,70.5911009311676
4,64,2.8,100,15800,70.88999342918396
4,64,2.8,100,15900,70.95177888870239
4,64,2.8,100,16000,68.67182803153992
4,64,2.8,100,16100,71.42760682106018
4,64,2.8,100,16200,70.90561175346375
4,64,2.8,100,16300,74.97097945213318
4,64,2.8,100,16400,74.66338276863098
4,64,2.8,100,16500,74.69312596321106
4,64,2.8,100,16600,74.78493762016296
4,64,2.8,100,16700,75.18318676948547
4,64,2.8,100,16800,72.74294829368591
4,64,2.8,100,16900,75.7237560749054
4,64,2.8,100,17000,76.41433620452881
4,64,2.8,100,17100,75.99756598472595
4,64,2.8,100,17200,79.47687530517578
4,64,2.8,100,17300,78.84196734428406
4,64,2.8,100,17400,79.16265559196472
4,64,2.8,100,17500,79.09472060203552
4,32,2.2,100,100,3.480802297592163
4,32,2.2,100,200,3.5043771266937256
4,32,2.2,100,300,4.358910083770752
4,32,2.2,100,400,5.054270267486572
4,32,2.2,100,500,5.560781478881836
4,32,2.2,100,600,5.969471216201782
4,32,2.2,100,700,6.581672191619873
4,32,2.2,100,800,6.869861125946045
4,32,2.2,100,900,8.664530754089355
4,32,2.2,100,1000,9.065885543823242
4,32,2.2,100,1100,9.630994081497192
4,32,2.2,100,1200,10.717192649841309
4,32,2.2,100,1300,10.798570156097412
4,32,2.2,100,1400,11.605786323547363
4,32,2.2,100,1500,12.49267315864563
4,32,2.2,100,1600,12.568164825439453
4,32,2.2,100,1700,13.374725341796875
4,32,2.2,100,1800,13.701413869857788
4,32,2.2,100,1900,14.461194038391113
4,32,2.2,100,2000,15.038669109344482
4,32,2.2,100,2100,16.144033193588257
4,32,2.2,100,2200,16.529765129089355
4,32,2.2,100,2300,17.43594980239868
4,32,2.2,100,2400,17.167895078659058
4,32,2.2,100,2500,18.598459482192993
4,32,2.2,100,2600,19.379612922668457
4,32,2.2,100,2700,19.867334604263306
4,32,2.2,100,2800,20.156418800354004
4,32,2.2,100,2900,20.95762324333191
4,32,2.2,100,3000,21.786604642868042
4,32,2.2,100,3100,22.060460090637207
4,32,2.2,100,3200,21.672844409942627
4,32,2.2,100,3300,23.61801815032959
4,32,2.2,100,3400,24.58517360687256
4,32,2.2,100,3500,25.902946949005127
4,32,2.2,100,3600,26.696345567703247
4,32,2.2,100,3700,27.032263040542603
4,32,2.2,100,3800,27.060584783554077
4,32,2.2,100,3900,27.89302134513855
4,32,2.2,100,4000,27.84758424758911
4,32,2.2,100,4100,29.45488405227661
4,32,2.2,100,4200,29.892798900604248
4,32,2.2,100,4300,30.814579010009766
4,32,2.2,100,4400,32.34424591064453
4,32,2.2,100,4500,33.34026765823364
4,32,2.2,100,4600,34.36114978790283
4,32,2.2,100,4700,33.59022378921509
4,32,2.2,100,4800,32.768420696258545
4,32,2.2,100,4900,34.87165856361389
4,32,2.2,100,5000,36.18943119049072
4,32,2.2,100,5100,37.39708113670349
4,32,2.2,100,5200,38.37301683425903
4,32,2.2,100,5300,37.208791971206665
4,32,2.2,100,5400,39.31223154067993
4,32,2.2,100,5500,39.49771785736084
4,32,2.2,100,5600,38.36595106124878
4,32,2.2,100,5700,40.47909140586853
4,32,2.2,100,5800,39.31364107131958
4,32,2.2,100,5900,39.192533016204834
4,32,2.2,100,6000,41.56350326538086
4,32,2.2,100,6100,41.36231541633606
4,32,2.2,100,6200,41.78224587440491
4,32,2.2,100,6300,41.51130270957947
4,32,2.2,100,6400,42.22652292251587
4,32,2.2,100,6500,44.040830850601196
4,32,2.2,100,6600,44.3889799118042
4,32,2.2,100,6700,45.20530891418457
4,32,2.2,100,6800,45.81123971939087
4,32,2.2,100,6900,45.96894025802612
4,32,2.2,100,7000,46.5475070476532
4,32,2.2,100,7100,47.06213045120239
4,32,2.2,100,7200,45.714566230773926
4,32,2.2,100,7300,48.344719648361206
4,32,2.2,100,7400,50.13609790802002
4,32,2.2,100,7500,50.016990184783936
4,32,2.2,100,7600,50.65999460220337
4,32,2.2,100,7700,52.52366781234741
4,32,2.2,100,7800,52.31320786476135
4,32,2.2,100,7900,53.563605070114136
4,32,2.2,100,8000,52.589104413986206
4,32,2.2,100,8100,55.54053997993469
4,32,2.2,100,8200,54.85059213638306
4,32,2.2,100,8300,54.47124695777893
4,32,2.2,100,8400,55.93015933036804
4,32,2.2,100,8500,56.343236446380615
4,32,2.2,100,8600,58.21862077713013
4,32,2.2,100,8700,58.66966700553894
4,32,2.2,100,8800,57.54260778427124
4,32,2.2,100,8900,64.69303584098816
4,32,2.2,100,9000,67.000985622406
4,32,2.2,100,9100,67.08264517784119
4,32,2.2,100,9200,69.19699025154114
4,32,2.2,100,9300,66.58427691459656
4,32,2.2,100,9400,70.60607933998108
4,32,2.2,100,9500,73.66359567642212
4,32,2.2,100,9600,68.09443759918213
4,32,2.2,100,9700,71.05026268959045
4,32,2.2,100,9800,71.85600137710571
4,32,2.2,100,9900,69.84487581253052
4,32,2.2,100,10000,69.02703499794006
4,32,2.2,100,10100,70.08804535865784
4,32,2.2,100,10200,76.6238911151886
4,32,2.2,100,10300,75.49309229850769
4,32,2.2,100,10400,71.17924547195435
4,32,2.2,100,10500,73.22174715995789
4,32,2.2,100,10600,77.26500368118286
4,32,2.2,100,10700,78.11021423339844
4,32,2.2,100,10800,77.07601499557495
4,32,2.2,100,10900,79.39674401283264
4,32,2.2,100,11000,80.841472864151
4,32,2.2,100,11100,78.2405412197113
4,32,2.2,100,11200,72.34525895118713
4,32,2.2,100,11300,75.93901801109314
4,32,2.2,100,11400,79.38398838043213
4,32,2.2,100,11500,77.17384099960327
4,32,2.2,100,11600,77.832603931427
4,32,2.2,100,11700,78.62255096435547
4,32,2.2,100,11800,84.60577845573425
4,32,2.2,100,11900,103.03244400024414
4,32,2.2,100,12000,80.37397336959839
4,32,2.2,100,12100,82.00868082046509
4,32,2.2,100,12200,81.4164080619812
4,32,2.2,100,12300,79.54048156738281
4,32,2.2,100,12400,81.31828808784485
4,32,2.2,100,12500,81.24014663696289
4,32,2.2,100,12600,82.53891348838806
4,32,2.2,100,12700,85.01933097839355
4,32,2.2,100,12800,92.06497955322266
4,32,2.2,100,12900,106.23694062232971
4,32,2.2,100,13000,93.3960030078888
4,32,2.2,100,13100,86.99827647209167
4,32,2.2,100,13200,85.68579125404358
4,32,2.2,100,13300,89.35168695449829
4,32,2.2,100,13400,87.081547498703
4,32,2.2,100,13500,87.63757276535034
4,32,2.2,100,13600,84.03133893013
4,32,2.2,100,13700,89.09418725967407
4,32,2.2,100,13800,92.56832528114319
4,32,2.2,100,13900,107.30553364753723
4,32,2.2,100,14000,101.87544560432434
4,32,2.2,100,14100,96.60749745368958
4,32,2.2,100,14200,93.54605102539062
4,32,2.2,100,14300,93.55968737602234
4,32,2.2,100,14400,89.82247114181519
4,32,2.2,100,14500,93.45428657531738
4,32,2.2,100,14600,94.49382996559143
4,32,2.2,100,14700,95.6138505935669
4,32,2.2,100,14800,100.9086582660675
4,32,2.2,100,14900,115.89413690567017
4,32,2.2,100,15000,96.02744436264038
4,32,2.2,100,15100,99.0181245803833
4,32,2.2,100,15200,96.30041861534119
4,32,2.2,100,15300,105.70953273773193
4,32,2.2,100,15400,105.56085705757141
4,32,2.2,100,15500,105.55442118644714
4,32,2.2,100,15600,102.09423112869263
4,32,2.2,100,15700,111.53872418403625
4,32,2.2,100,15800,109.51861548423767
4,32,2.2,100,15900,113.76168894767761
4,32,2.2,100,16000,106.30382871627808
4,32,2.2,100,16100,111.76906776428223
4,32,2.2,100,16200,108.59920930862427
4,32,2.2,100,16300,107.81710410118103
4,32,2.2,100,16400,108.09241318702698
4,32,2.2,100,16500,111.71146988868713
4,32,2.2,100,16600,113.86028933525085
4,32,2.2,100,16700,110.66409993171692
4,32,2.2,100,16800,102.8629846572876
4,32,2.2,100,16900,108.4805178642273
4,32,2.2,100,17000,108.66811800003052
4,32,2.2,100,17100,111.22438597679138
4,32,2.2,100,17200,110.45353817939758
4,32,2.2,100,17300,111.15537929534912
4,32,2.2,100,17400,112.41532039642334
4,32,2.2,100,17500,112.02047204971313
4,32,2.2,100,100,3.7645907402038574
4,32,2.2,100,200,3.7841148376464844
4,32,2.2,100,300,4.710358142852783
4,32,2.2,100,400,5.204987525939941
4,32,2.2,100,500,5.760153532028198
4,32,2.2,100,600,6.760658025741577
4,32,2.2,100,700,7.538425922393799
4,32,2.2,100,800,7.6043596267700195
4,32,2.2,100,900,8.826009750366211
4,32,2.2,100,1000,9.302600383758545
4,32,2.2,100,1100,9.8987877368927
4,32,2.2,100,1200,10.813726425170898
4,32,2.2,100,1300,11.242018222808838
4,32,2.2,100,1400,11.88852572441101
4,32,2.2,100,1500,12.01488733291626
4,32,2.2,100,1600,12.158000230789185
4,32,2.2,100,1700,13.742972373962402
4,32,2.2,100,1800,14.580321788787842
4,32,2.2,100,1900,15.183348894119263
4,32,2.2,100,2000,15.755069017410278
4,32,2.2,100,2100,16.306838274002075
4,32,2.2,100,2200,17.031177759170532
4,32,2.2,100,2300,18.10370969772339
4,32,2.2,100,2400,17.190577507019043
4,32,2.2,100,2500,18.486478805541992
4,32,2.2,100,2600,19.323874711990356
4,32,2.2,100,2700,19.983027935028076
4,32,2.2,100,2800,20.782801866531372
4,32,2.2,100,2900,20.983487844467163
4,32,2.2,100,3000,20.67398238182068
4,32,2.2,100,3100,21.63335347175598
4,32,2.2,100,3200,21.457132577896118
4,32,2.2,100,3300,23.333065509796143
4,32,2.2,100,3400,23.51810383796692
4,32,2.2,100,3500,24.016138792037964
4,32,2.2,100,3600,24.72562074661255
4,32,2.2,100,3700,25.316431760787964
4,32,2.2,100,3800,25.740285873413086
4,32,2.2,100,3900,26.500948667526245
4,32,2.2,100,4000,26.001939058303833
4,32,2.2,100,4100,27.882801294326782
4,32,2.2,100,4200,29.463322401046753
4,32,2.2,100,4300,29.670321464538574
4,32,2.2,100,4400,31.29875111579895
4,32,2.2,100,4500,31.061908960342407
4,32,2.2,100,4600,31.20158052444458
4,32,2.2,100,4700,31.794828414916992
4,32,2.2,100,4800,31.44276237487793
4,32,2.2,100,4900,34.92999982833862
4,32,2.2,100,5000,35.56251764297485
4,32,2.2,100,5100,35.44319295883179
4,32,2.2,100,5200,36.23511457443237
4,32,2.2,100,5300,37.6643602848053
4,32,2.2,100,5400,38.75756597518921
4,32,2.2,100,100,8.95833158493042
4,32,2.2,100,200,3.7575457096099854
4,32,2.2,100,300,4.59000039100647
4,32,2.2,100,400,4.918569564819336
4,32,2.2,100,500,5.569914817810059
4,32,2.2,100,600,6.30276894569397
4,32,2.2,100,700,6.860328674316406
4,32,2.2,100,800,7.3168864250183105
4,32,2.2,100,900,8.260619640350342
4,32,2.2,100,1000,8.881205797195435
4,32,2.2,100,1100,9.511069297790527
4,32,2.2,100,1200,10.476788520812988
4,32,2.2,100,1300,10.786906957626343
4,32,2.2,100,1400,11.39809513092041
4,32,2.2,100,1500,12.175417184829712
4,32,2.2,100,1600,12.362868785858154
4,32,2.2,100,1700,13.817328214645386
4,32,2.2,100,1800,14.21674919128418
4,32,2.2,100,1900,14.741574048995972
4,32,2.2,100,2000,15.371458768844604
4,32,2.2,100,2100,16.14677929878235
4,32,2.2,100,2200,16.604270696640015
4,32,2.2,100,2300,18.178858757019043
4,32,2.2,100,2400,18.941444635391235
4,32,2.2,100,2500,20.651825428009033
4,32,2.2,100,2600,20.608880043029785
4,32,2.2,100,2700,19.608461380004883
4,32,2.2,100,2800,20.324748039245605
4,32,2.2,100,2900,21.011178731918335
4,32,2.2,100,3000,21.765527963638306
4,32,2.2,100,3100,22.25769281387329
4,32,2.2,100,3200,21.888062238693237
4,32,2.2,100,3300,24.876598596572876
4,32,2.2,100,3400,24.366440534591675
4,32,2.2,100,3500,25.114375829696655
4,32,2.2,100,3600,25.564083576202393
4,32,2.2,100,3700,26.176810026168823
4,32,2.2,100,3800,26.865234375
4,32,2.2,100,3900,27.49994707107544
4,32,2.2,100,4000,26.92968463897705
4,32,2.2,100,4100,28.925131797790527
4,32,2.2,100,4200,29.52992582321167
4,32,2.2,100,4300,30.293792724609375
4,32,2.2,100,4400,31.963677644729614
4,32,2.2,100,4500,32.22468709945679
4,32,2.2,100,4600,32.539207458496094
4,32,2.2,100,4700,33.1510055065155
4,32,2.2,100,4800,32.2623393535614
4,32,2.2,100,4900,34.514657497406006
4,32,2.2,100,5000,35.116692304611206
4,32,2.2,100,5100,35.590269804000854
4,32,2.2,100,5200,35.96723484992981
4,32,2.2,100,5300,36.643943071365356
4,32,2.2,100,5400,38.10816979408264
4,32,2.2,100,5500,38.23662352561951
4,32,2.2,100,5600,37.0399067401886
4,32,2.2,100,5700,39.25424146652222
4,32,2.2,100,5800,39.694544315338135
4,32,2.2,100,5900,40.14124584197998
4,32,2.2,100,6000,41.24229693412781
4,32,2.2,100,6100,41.24617648124695
4,32,2.2,100,6200,42.245121717453
4,32,2.2,100,6300,42.915663719177246
4,32,2.2,100,6400,41.9736807346344
4,32,2.2,100,6500,44.341715574264526
4,32,2.2,100,6600,44.98628258705139
4,32,2.2,100,6700,45.896345376968384
4,32,2.2,100,6800,46.30686569213867
4,32,2.2,100,6900,46.86073923110962
4,32,2.2,100,7000,46.90512776374817
4,32,2.2,100,7100,47.8889844417572
4,32,2.2,100,7200,46.500871896743774
4,32,2.2,100,7300,50.15502333641052
4,32,2.2,100,7400,51.64663863182068
4,32,2.2,100,7500,52.75741744041443
4,32,2.2,100,7600,54.031758546829224
4,32,2.2,100,7700,52.24868392944336
4,32,2.2,100,7800,53.077232837677
4,32,2.2,100,7900,53.48933672904968
4,32,2.2,100,8000,51.94103741645813
4,32,2.2,100,8100,54.99803614616394
4,32,2.2,100,8200,55.81878638267517
4,32,2.2,100,8300,56.28166842460632
4,32,2.2,100,8400,57.659541845321655
4,32,2.2,100,8500,57.691280126571655
4,32,2.2,100,8600,58.320595026016235
4,32,2.2,100,8700,59.03446698188782
4,32,2.2,100,8800,56.982823610305786
4,32,2.2,100,8900,60.514897108078
4,32,2.2,100,9000,60.94503593444824
4,32,2.2,100,9100,61.93477439880371
4,32,2.2,100,9200,61.775577783584595
4,32,2.2,100,9300,62.399909257888794
4,32,2.2,100,9400,64.91848278045654
4,32,2.2,100,9500,66.59516549110413
4,32,2.2,100,9600,62.83757758140564
4,32,2.2,100,9700,65.21344351768494
4,32,2.2,100,9800,65.41799521446228
4,32,2.2,100,9900,66.33427429199219
4,32,2.2,100,10000,66.67124080657959
4,32,2.2,100,10100,67.91179156303406
4,32,2.2,100,10200,67.8497941493988
4,32,2.2,100,10300,68.23689198493958
4,32,2.2,100,10400,67.35064578056335
4,32,2.2,100,10500,70.43942737579346
4,32,2.2,100,10600,71.55366063117981
4,32,2.2,100,10700,71.88614702224731
4,32,2.2,100,10800,71.97990322113037
4,32,2.2,100,10900,72.56047916412354
4,32,2.2,100,11000,73.3226706981659
4,32,2.2,100,11100,73.98768472671509
4,32,2.2,100,11200,71.43598961830139
4,32,2.2,100,11300,74.9314751625061
4,32,2.2,100,11400,77.24586057662964
4,32,2.2,100,11500,77.82102131843567
4,32,2.2,100,11600,78.10519456863403
4,32,2.2,100,11700,77.95680236816406
4,32,2.2,100,11800,79.09002113342285
4,32,2.2,100,11900,79.63101983070374
4,32,2.2,100,12000,76.3059492111206
4,32,2.2,100,12100,80.99279594421387
4,32,2.2,100,12200,81.82721090316772
4,32,2.2,100,12300,83.25391173362732
4,32,2.2,100,12400,83.97348546981812
4,32,2.2,100,12500,83.97252321243286
4,32,2.2,100,12600,84.89957761764526
4,32,2.2,100,12700,85.13100457191467
4,32,2.2,100,12800,81.24532508850098
4,32,2.2,100,12900,86.37605166435242
4,32,2.2,100,13000,86.30281043052673
4,32,2.2,100,13100,87.74661755561829
4,32,2.2,100,13200,87.52347445487976
4,32,2.2,100,13300,89.56735157966614
4,32,2.2,100,13400,89.52445077896118
4,32,2.2,100,13500,89.9555594921112
4,32,2.2,100,13600,86.88683557510376
4,32,2.2,100,13700,91.37639451026917
4,32,2.2,100,13800,91.49407815933228
4,32,2.2,100,13900,92.68594193458557
4,32,2.2,100,14000,93.17083144187927
4,32,2.2,100,14100,94.09605479240417
4,32,2.2,100,14200,94.43395781517029
4,32,2.2,100,14300,95.63001346588135
4,32,2.2,100,14400,92.19366145133972
4,32,2.2,100,14500,96.47310948371887
4,32,2.2,100,14600,96.67057490348816
4,32,2.2,100,14700,97.39384579658508
4,32,2.2,100,14800,97.0777599811554
4,32,2.2,100,14900,97.89121603965759
4,32,2.2,100,15000,98.58208107948303
4,32,2.2,100,15100,99.13137531280518
4,32,2.2,100,15200,95.49135875701904
4,32,2.2,100,15300,101.82419872283936
4,32,2.2,100,15400,101.92675018310547
4,32,2.2,100,15500,102.72748684883118
4,32,2.2,100,15600,103.10589957237244
4,32,2.2,100,15700,103.58003878593445
4,32,2.2,100,15800,104.04239082336426
4,32,2.2,100,15900,104.90321588516235
4,32,2.2,100,16000,100.85302329063416
4,32,2.2,100,16100,106.45195746421814
4,32,2.2,100,16200,108.42381143569946
4,32,2.2,100,16300,115.96870803833008
4,32,2.2,100,16400,111.23301148414612
4,32,2.2,100,16500,110.93125748634338
4,32,2.2,100,16600,112.33349847793579
4,32,2.2,100,16700,111.61867594718933
4,32,2.2,100,16800,106.32333779335022
4,32,2.2,100,16900,111.60541415214539
4,32,2.2,100,17000,111.9927089214325
4,32,2.2,100,17100,113.92625951766968
4,32,2.2,100,17200,114.78363251686096
4,32,2.2,100,17300,115.39932441711426
4,32,2.2,100,17400,115.64833188056946
4,32,2.2,100,17500,115.40963077545166
2,32,2.2,100,100,4.439516067504883
2,32,2.2,100,200,4.985291004180908
2,32,2.2,100,300,5.326116561889648
2,32,2.2,100,400,5.769896030426025
2,32,2.2,100,500,6.496381044387817
2,32,2.2,100,600,7.416717529296875
2,32,2.2,100,700,8.002108097076416
2,32,2.2,100,800,7.74141526222229
2,32,2.2,100,900,8.771546840667725
2,32,2.2,100,1000,9.436522722244263
2,32,2.2,100,1100,10.155694961547852
2,32,2.2,100,1200,11.13654899597168
2,32,2.2,100,1300,11.378682851791382
2,32,2.2,100,1400,12.8436439037323
2,32,2.2,100,1500,12.500526189804077
2,32,2.2,100,1600,12.932614803314209
2,32,2.2,100,1700,13.89890432357788
2,32,2.2,100,1800,14.648993730545044
2,32,2.2,100,1900,15.455329656600952
2,32,2.2,100,2000,16.039183139801025
2,32,2.2,100,2100,16.519474506378174
2,32,2.2,100,2200,18.348735570907593
2,32,2.2,100,2300,18.256463527679443
2,32,2.2,100,2400,18.024983406066895
2,32,2.2,100,2500,19.33298897743225
2,32,2.2,100,2600,20.334822416305542
2,32,2.2,100,2700,20.667312383651733
2,32,2.2,100,2800,23.317904949188232
2,32,2.2,100,2900,23.44189739227295
2,32,2.2,100,3000,24.8489830493927
2,32,2.2,100,3100,24.46185803413391
2,32,2.2,100,3200,23.450680017471313
2,32,2.2,100,3300,25.905550003051758
2,32,2.2,100,3400,25.488072872161865
2,32,2.2,100,3500,26.691107273101807
2,32,2.2,100,3600,26.85124635696411
2,32,2.2,100,3700,27.81307339668274
2,32,2.2,100,3800,28.382833003997803
2,32,2.2,100,3900,28.641119241714478
2,32,2.2,100,4000,29.063432931900024
2,32,2.2,100,4100,30.021320581436157
2,32,2.2,100,4200,31.394725561141968
2,32,2.2,100,4300,32.4434175491333
2,32,2.2,100,4400,33.341289043426514
2,32,2.2,100,4500,33.43160533905029
2,32,2.2,100,4600,33.835368156433105
2,32,2.2,100,4700,34.131261587142944
2,32,2.2,100,4800,34.30699634552002
2,32,2.2,100,4900,35.77950739860535
2,32,2.2,100,5000,36.30224108695984
2,32,2.2,100,5100,37.56837821006775
2,32,2.2,100,5200,37.668792963027954
2,32,2.2,100,5300,38.245370388031006
2,32,2.2,100,5400,39.77613353729248
2,32,2.2,100,5500,40.529918909072876
2,32,2.2,100,5600,39.67503118515015
2,32,2.2,100,5700,41.54349970817566
2,32,2.2,100,5800,41.879955530166626
2,32,2.2,100,5900,42.78857946395874
2,32,2.2,100,6000,43.1415650844574
2,32,2.2,100,6100,43.86656999588013
2,32,2.2,100,6200,44.45244836807251
2,32,2.2,100,6300,45.43678617477417
2,32,2.2,100,6400,46.13590383529663
2,32,2.2,100,6500,47.27303910255432
2,32,2.2,100,6600,47.90047240257263
2,32,2.2,100,6700,48.39843988418579
2,32,2.2,100,6800,48.69677019119263
2,32,2.2,100,6900,50.19469976425171
2,32,2.2,100,7000,49.82263517379761
2,32,2.2,100,7100,51.14236855506897
2,32,2.2,100,7200,50.02965211868286
2,32,2.2,100,7300,51.905969858169556
2,32,2.2,100,7400,53.524965047836304
2,32,2.2,100,7500,53.802796363830566
2,32,2.2,100,7600,53.93117547035217
2,32,2.2,100,7700,54.89884376525879
2,32,2.2,100,7800,55.53944158554077
2,32,2.2,100,7900,55.83728265762329
2,32,2.2,100,8000,54.47023320198059
2,32,2.2,100,8100,56.769335985183716
2,32,2.2,100,8200,58.378116846084595
2,32,2.2,100,8300,58.59390330314636
2,32,2.2,100,8400,60.632352352142334
2,32,2.2,100,8500,60.41702365875244
2,32,2.2,100,8600,61.30559206008911
2,32,2.2,100,8700,61.46579360961914
2,32,2.2,100,8800,59.96993660926819
2,32,2.2,100,8900,62.15472984313965
2,32,2.2,100,9000,63.384851932525635
2,32,2.2,100,9100,63.84732007980347
2,32,2.2,100,9200,64.64890742301941
2,32,2.2,100,9300,64.82371163368225
2,32,2.2,100,9400,65.85592818260193
2,32,2.2,100,9500,67.73178911209106
2,32,2.2,100,9600,64.67330288887024
2,32,2.2,100,9700,68.02325630187988
2,32,2.2,100,9800,68.81376600265503
2,32,2.2,100,9900,69.42798256874084
2,32,2.2,100,10000,70.02218890190125
2,32,2.2,100,10100,70.62469458580017
2,32,2.2,100,10200,71.31413054466248
2,32,2.2,100,10300,71.49333381652832
2,32,2.2,100,10400,71.48061895370483
2,32,2.2,100,10500,73.36386561393738
2,32,2.2,100,10600,74.84666967391968
2,32,2.2,100,10700,75.36327862739563
2,32,2.2,100,10800,74.61673021316528
2,32,2.2,100,10900,75.43066453933716
2,32,2.2,100,11000,76.14838647842407
2,32,2.2,100,11100,77.2030348777771
2,32,2.2,100,11200,75.20361304283142
2,32,2.2,100,11300,79.40838837623596
2,32,2.2,100,11400,80.98084950447083
2,32,2.2,100,11500,81.11144423484802
2,32,2.2,100,11600,81.54411172866821
2,32,2.2,100,11700,81.74865460395813
2,32,2.2,100,11800,83.6689682006836
2,32,2.2,100,11900,81.96984219551086
2,32,2.2,100,12000,81.72567629814148
2,32,2.2,100,12100,85.12842154502869
2,32,2.2,100,12200,84.06837248802185
2,32,2.2,100,12300,86.34612536430359
2,32,2.2,100,12400,86.62622737884521
2,32,2.2,100,12500,87.10948991775513
2,32,2.2,100,12600,88.04386377334595
2,32,2.2,100,12700,87.57103085517883
2,32,2.2,100,12800,86.27909421920776
2,32,2.2,100,12900,89.26036024093628
2,32,2.2,100,13000,89.8761043548584
2,32,2.2,100,13100,90.87508201599121
2,32,2.2,100,13200,92.00198578834534
2,32,2.2,100,13300,93.06300473213196
2,32,2.2,100,13400,94.52891731262207
2,32,2.2,100,13500,95.26982045173645
2,32,2.2,100,13600,91.15301179885864
2,32,2.2,100,13700,107.68882608413696
2,32,2.2,100,13800,98.80540585517883
2,32,2.2,100,13900,96.90944027900696
2,32,2.2,100,14000,97.08274817466736
2,32,2.2,100,14100,99.25552558898926
2,32,2.2,100,14200,99.13398814201355
2,32,2.2,100,14300,102.21786522865295
2,32,2.2,100,14400,99.92056345939636
2,32,2.2,100,14500,102.16365694999695
2,32,2.2,100,14600,102.8765161037445
2,32,2.2,100,14700,102.76374077796936
2,32,2.2,100,14800,103.42436575889587
2,32,2.2,100,14900,104.57227444648743
2,32,2.2,100,15000,103.52790212631226
2,32,2.2,100,15100,104.75586175918579
2,32,2.2,100,15200,102.79677295684814
2,32,2.2,100,15300,108.8030800819397
2,32,2.2,100,15400,107.5933313369751
2,32,2.2,100,15500,110.41601634025574
2,32,2.2,100,15600,111.04856872558594
2,32,2.2,100,15700,110.8820481300354
2,32,2.2,100,15800,110.5025954246521
2,32,2.2,100,15900,112.23155808448792
2,32,2.2,100,16000,110.22285437583923
2,32,2.2,100,16100,112.43127346038818
2,32,2.2,100,16200,113.84337115287781
2,32,2.2,100,16300,115.28817844390869
2,32,2.2,100,16400,114.90048813819885
2,32,2.2,100,16500,116.0523328781128
2,32,2.2,100,16600,116.1997287273407
2,32,2.2,100,16700,117.37011504173279
2,32,2.2,100,16800,114.25432181358337
2,32,2.2,100,16900,118.22548389434814
2,32,2.2,100,17000,120.8969795703888
2,32,2.2,100,17100,118.82647728919983
2,32,2.2,100,17200,122.4482774734497
2,32,2.2,100,17300,122.53959012031555
2,32,2.2,100,17400,122.35629963874817
2,32,2.2,100,17500,123.395676612854
2,32,2.2,100,100,4.028762578964233
2,32,2.2,100,200,3.9423162937164307
2,32,2.2,100,300,4.788496494293213
2,32,2.2,100,400,5.309924840927124
2,32,2.2,100,500,5.893423318862915
2,32,2.2,100,600,6.557413339614868
2,32,2.2,100,700,7.321626663208008
2,32,2.2,100,800,7.575989723205566
2,32,2.2,100,900,8.798159837722778
2,32,2.2,100,1000,9.3894522190094
2,32,2.2,100,1100,10.126732349395752
2,32,2.2,100,1200,11.082773208618164
2,32,2.2,100,1300,11.395768880844116
2,32,2.2,100,1400,11.943608045578003
2,32,2.2,100,1500,12.457716226577759
2,32,2.2,100,1600,12.898162603378296
2,32,2.2,100,1700,14.121265172958374
2,32,2.2,100,1800,14.778482913970947
2,32,2.2,100,1900,15.505053281784058
2,32,2.2,100,2000,16.069263696670532
2,32,2.2,100,2100,16.776072025299072
2,32,2.2,100,2200,19.315571308135986
2,32,2.2,100,2300,21.04697346687317
2,32,2.2,100,2400,20.912270545959473
2,32,2.2,100,2500,22.36080574989319
2,32,2.2,100,2600,23.2258358001709
2,32,2.2,100,2700,22.664110898971558
2,32,2.2,100,2800,23.10389232635498
2,32,2.2,100,2900,23.137415170669556
2,32,2.2,100,3000,23.18172860145569
2,32,2.2,100,3100,24.025431871414185
2,32,2.2,100,3200,23.729864597320557
2,32,2.2,100,3300,26.608750104904175
2,32,2.2,100,3400,27.81370711326599
2,32,2.2,100,3500,28.56850528717041
2,32,2.2,100,3600,29.049410343170166
2,32,2.2,100,3700,29.540064334869385
2,32,2.2,100,3800,30.58640694618225
2,32,2.2,100,3900,31.106388568878174
2,32,2.2,100,4000,30.845123052597046
2,32,2.2,100,4100,31.917335748672485
2,32,2.2,100,4200,33.12874913215637
2,32,2.2,100,4300,33.667160987854004
2,32,2.2,100,4400,33.88555598258972
2,32,2.2,100,4500,34.19506549835205
2,32,2.2,100,4600,34.48900651931763
2,32,2.2,100,4700,35.54176616668701
2,32,2.2,100,4800,34.86644124984741
2,32,2.2,100,4900,36.90940833091736
2,32,2.2,100,5000,37.08859157562256
2,32,2.2,100,5100,37.93511748313904
2,32,2.2,100,5200,38.49573636054993
2,32,2.2,100,5300,39.279149770736694
2,32,2.2,100,5400,41.43003511428833
2,32,2.2,100,5500,41.503148555755615
2,32,2.2,100,5600,40.81997108459473
2,32,2.2,100,5700,42.33130240440369
2,32,2.2,100,5800,43.53063988685608
2,32,2.2,100,5900,43.52493596076965
2,32,2.2,100,6000,44.34399366378784
2,32,2.2,100,6100,45.1474347114563
2,32,2.2,100,6200,44.93382549285889
2,32,2.2,100,6300,46.34961485862732
2,32,2.2,100,6400,45.53167152404785
2,32,2.2,100,6500,47.9191951751709
2,32,2.2,100,6600,49.56212782859802
2,32,2.2,100,6700,49.09962844848633
2,32,2.2,100,6800,50.05848431587219
2,32,2.2,100,6900,50.22343420982361
2,32,2.2,100,7000,51.43134903907776
2,32,2.2,100,7100,50.997352600097656
2,32,2.2,100,7200,50.865044355392456
2,32,2.2,100,7300,52.71655249595642
2,32,2.2,100,7400,55.52666163444519
2,32,2.2,100,7500,54.72590684890747
2,32,2.2,100,7600,56.095640659332275
2,32,2.2,100,7700,55.3028519153595
2,32,2.2,100,7800,56.036027669906616
2,32,2.2,100,7900,57.637842416763306
2,32,2.2,100,8000,56.35259747505188
2,32,2.2,100,8100,59.75719237327576
2,32,2.2,100,8200,59.33176326751709
2,32,2.2,100,8300,60.22561693191528
2,32,2.2,100,8400,62.46879982948303
2,32,2.2,100,8500,61.89841556549072
2,32,2.2,100,8600,62.16545581817627
2,32,2.2,100,8700,62.822646617889404
2,32,2.2,100,8800,61.348944425582886
2,32,2.2,100,8900,65.79417157173157
2,32,2.2,100,9000,64.66282844543457
2,32,2.2,100,9100,66.31754446029663
2,32,2.2,100,9200,70.67296767234802
2,32,2.2,100,9300,80.10295987129211
2,32,2.2,100,9400,75.74314618110657
2,32,2.2,100,9500,72.01667261123657
2,32,2.2,100,9600,79.90806674957275
2,32,2.2,100,9700,70.85404658317566
2,32,2.2,100,9800,71.3277006149292
2,32,2.2,100,9900,86.95631051063538
2,32,2.2,100,10000,83.9694082736969
2,32,2.2,100,10100,78.1521327495575
2,32,2.2,100,10200,73.9861991405487
2,32,2.2,100,10300,73.2248969078064
2,32,2.2,100,10400,72.66638684272766
2,32,2.2,100,10500,75.69970488548279
2,32,2.2,100,10600,75.96704530715942
2,32,2.2,100,10700,77.8247742652893
2,32,2.2,100,10800,77.87679934501648
2,32,2.2,100,10900,77.95729613304138
2,32,2.2,100,11000,80.23988795280457
2,32,2.2,100,11100,81.4615547657013
2,32,2.2,100,11200,78.49697804450989
2,32,2.2,100,11300,80.70733213424683
2,32,2.2,100,11400,83.43720054626465
2,32,2.2,100,11500,82.13408946990967
2,32,2.2,100,11600,82.54087686538696
2,32,2.2,100,11700,84.94697499275208
2,32,2.2,100,11800,85.3448793888092
2,32,2.2,100,11900,84.68340611457825
2,32,2.2,100,12000,85.47120833396912
2,32,2.2,100,12100,87.71755027770996
2,32,2.2,100,12200,87.15591168403625
2,32,2.2,100,12300,88.479989528656
2,32,2.2,100,12400,88.58298873901367
2,32,2.2,100,12500,89.94468545913696
2,32,2.2,100,12600,91.47590827941895
2,32,2.2,100,12700,90.1833918094635
2,32,2.2,100,12800,88.26347994804382
2,32,2.2,100,12900,91.04468274116516
2,32,2.2,100,13000,93.98112392425537
2,32,2.2,100,13100,93.27073049545288
2,32,2.2,100,13200,95.48039245605469
2,32,2.2,100,13300,95.75593829154968
2,32,2.2,100,13400,97.12745070457458
2,32,2.2,100,13500,96.17836093902588
2,32,2.2,100,13600,93.99113082885742
2,32,2.2,100,13700,97.31890320777893
2,32,2.2,100,13800,99.42084622383118
2,32,2.2,100,13900,100.45802235603333
2,32,2.2,100,14000,99.47140145301819
2,32,2.2,100,14100,122.12567043304443
2,32,2.2,100,14200,176.19929099082947
2,32,2.2,100,14300,126.50015926361084
2,32,2.2,100,14400,101.76971197128296
2,32,2.2,100,14500,106.97422456741333
2,32,2.2,100,14600,105.32182145118713
2,32,2.2,100,14700,106.48290061950684
2,32,2.2,100,14800,105.53957915306091
2,32,2.2,100,14900,105.1177167892456
2,32,2.2,100,15000,106.77562999725342
2,32,2.2,100,15100,106.4464066028595
2,32,2.2,100,15200,104.47398233413696
2,32,2.2,100,15300,110.05539989471436
2,32,2.2,100,15400,109.79536151885986
2,32,2.2,100,15500,111.67860412597656
2,32,2.2,100,15600,113.63671231269836
2,32,2.2,100,15700,110.68973708152771
2,32,2.2,100,15800,112.98396563529968
2,32,2.2,100,15900,113.81925249099731
2,32,2.2,100,16000,109.42617559432983
2,32,2.2,100,16100,115.46837115287781
2,32,2.2,100,16200,115.2565655708313
2,32,2.2,100,16300,117.48524737358093
2,32,2.2,100,16400,117.99919748306274
2,32,2.2,100,16500,117.98004531860352
2,32,2.2,100,16600,119.3046464920044
2,32,2.2,100,16700,118.68689632415771
2,32,2.2,100,16800,115.45403814315796
2,32,2.2,100,16900,119.81139540672302
2,32,2.2,100,17000,121.07351398468018
2,32,2.2,100,17100,123.32690143585205
2,32,2.2,100,17200,125.70532631874084
2,32,2.2,100,17300,127.48013520240784
2,32,2.2,100,17400,125.24075722694397
2,32,2.2,100,17500,126.50952792167664
